Ref ID,Date,ppm,Rep,Plate,Row,Column,Total,Dead,Alive,Media,Notes,% Mortality
96A,9/17/2021,8,1,1,1,1,11,11,0,LM (T),,100%
96A,9/17/2021,4,1,1,1,2,3,3,0,LM (T),Low worm count. 8 artifacts,100%
96A,9/17/2021,2,1,1,1,3,9,9,0,LM (T),,100%
96A,9/17/2021,1,1,1,1,4,8,8,0,LM (T),,100%
96A,9/17/2021,0.5,1,1,1,5,8,7,1,LM (T),,87%
96A,9/17/2021,0.25,1,1,1,6,10,8,2,LM (T),,80%
96A,9/17/2021,0.125,1,1,1,7,8,0,8,LM (T),,0%
96A,9/17/2021,0.0625,1,1,1,8,12,3,9,LM (T),,25%
96A,9/17/2021,0.03125,1,1,1,9,3,1,2,LM (T),Low worm count. ,33%
96A,9/17/2021,0.015625,1,1,1,10,6,3,3,LM (T),,50%
VC,9/17/2021,0,1,1,1,12,6,0,6,LM (T),,0%
96C,9/17/2021,16,1,1,2,1,8,8,0,LM (T),,100%
96C,9/17/2021,8,1,1,2,2,12,12,0,LM (T),,100%
96C,9/17/2021,4,1,1,2,3,5,5,0,LM (T),,100%
96C,9/17/2021,2,1,1,2,4,4,4,0,LM (T),Low worm count. ,100%
96C,9/17/2021,1,1,1,2,5,8,8,0,LM (T),,100%
96C,9/17/2021,0.5,1,1,2,6,7,7,0,LM (T),,100%
96C,9/17/2021,0.25,1,1,2,7,7,7,0,LM (T),,100%
96C,9/17/2021,0.125,1,1,2,8,10,10,0,LM (T),,100%
96C,9/17/2021,0.0625,1,1,2,9,6,5,1,LM (T),,83%
96C,9/17/2021,0.03125,1,1,2,10,5,1,4,LM (T),,20%
VC,9/17/2021,0,1,1,2,12,10,0,10,LM (T),,0%
96F,9/17/2021,8,1,1,3,1,10,10,0,LM (T),,100%
96F,9/17/2021,4,1,1,3,2,6,5,1,LM (T),,83%
96F,9/17/2021,2,1,1,3,3,5,5,0,LM (T),,100%
96F,9/17/2021,1,1,1,3,4,4,4,0,LM (T),Low worm count. ,100%
96F,9/17/2021,0.5,1,1,3,5,8,7,1,LM (T),,87%
96F,9/17/2021,0.25,1,1,3,6,8,6,2,LM (T),,75%
96F,9/17/2021,0.125,1,1,3,7,7,2,5,LM (T),,29%
96F,9/17/2021,0.0625,1,1,3,8,7,0,7,LM (T),,0%
96F,9/17/2021,0.03125,1,1,3,9,8,0,8,LM (T),,0%
96F,9/17/2021,0.015625,1,1,3,10,9,1,8,LM (T),,11%
VC,9/17/2021,0,1,1,3,12,7,2,5,LM (T),High control mortality. ,29%
96J,9/17/2021,8,1,1,4,1,10,10,0,LM (T),,100%
96J,9/17/2021,4,1,1,4,2,17,17,0,LM (T),,100%
96J,9/17/2021,2,1,1,4,3,8,8,0,LM (T),,100%
96J,9/17/2021,1,1,1,4,4,5,5,0,LM (T),,100%
96J,9/17/2021,0.5,1,1,4,5,12,11,1,LM (T),,92%
96J,9/17/2021,0.25,1,1,4,6,10,8,2,LM (T),,80%
96J,9/17/2021,0.125,1,1,4,7,9,6,3,LM (T),,67%
96J,9/17/2021,0.0625,1,1,4,8,23,3,20,LM (T),,13%
96J,9/17/2021,0.03125,1,1,4,9,9,2,7,LM (T),,22%
96J,9/17/2021,0.015625,1,1,4,10,5,2,3,LM (T),,40%
VC,9/17/2021,0,1,1,4,12,10,1,9,LM (T),,10%
96M,9/17/2021,8,1,1,5,1,6,6,0,LM (T),,100%
96M,9/17/2021,4,1,1,5,2,8,6,2,LM (T),,75%
96M,9/17/2021,2,1,1,5,3,14,3,11,LM (T),,21%
96M,9/17/2021,1,1,1,5,4,9,0,9,LM (T),,0%
96M,9/17/2021,0.5,1,1,5,5,20,4,16,LM (T),,20%
96M,9/17/2021,0.25,1,1,5,6,7,1,6,LM (T),,14%
96M,9/17/2021,0.125,1,1,5,7,10,2,8,LM (T),,20%
96M,9/17/2021,0.0625,1,1,5,8,11,3,8,LM (T),,27%
96M,9/17/2021,0.03125,1,1,5,9,9,0,9,LM (T),,0%
96M,9/17/2021,0.015625,1,1,5,10,12,2,10,LM (T),,17%
VC,9/17/2021,0,1,1,5,12,7,0,7,LM (T),,0%
96Q,9/17/2021,4,1,1,6,1,21,16,5,LM (T),,76%
96Q,9/17/2021,2,1,1,6,2,10,5,5,LM (T),,50%
96Q,9/17/2021,1,1,1,6,3,9,2,7,LM (T),,22%
96Q,9/17/2021,0.5,1,1,6,4,8,2,6,LM (T),,25%
96Q,9/17/2021,0.25,1,1,6,5,4,1,3,LM (T),Low worm count. ,25%
96Q,9/17/2021,0.125,1,1,6,6,6,1,5,LM (T),,17%
96Q,9/17/2021,0.0625,1,1,6,7,11,3,8,LM (T),,27%
96Q,9/17/2021,0.03125,1,1,6,8,13,5,8,LM (T),,38%
96Q,9/17/2021,0.015625,1,1,6,9,15,1,14,LM (T),,7%
96Q,9/17/2021,0.0078125,1,1,6,10,7,1,6,LM (T),,14%
VC,9/17/2021,0,1,1,6,12,10,0,10,LM (T),,0%
96T,9/17/2021,8,1,1,7,1,20,20,0,LM (T),,100%
96T,9/17/2021,4,1,1,7,2,8,6,2,LM (T),,75%
96T,9/17/2021,2,1,1,7,3,12,9,3,LM (T),,75%
96T,9/17/2021,1,1,1,7,4,13,8,5,LM (T),,62%
96T,9/17/2021,0.5,1,1,7,5,9,4,5,LM (T),,44%
96T,9/17/2021,0.25,1,1,7,6,15,4,11,LM (T),,27%
96T,9/17/2021,0.125,1,1,7,7,5,0,5,LM (T),,0%
96T,9/17/2021,0.0625,1,1,7,8,16,0,16,LM (T),,0%
96T,9/17/2021,0.03125,1,1,7,9,7,0,7,LM (T),,0%
96T,9/17/2021,0.015625,1,1,7,10,7,1,6,LM (T),,14%
VC,9/17/2021,0,1,1,7,12,8,1,7,LM (T),,12%
96W,9/17/2021,4,1,1,8,1,11,11,0,LM (T),,100%
96W,9/17/2021,2,1,1,8,2,13,8,5,LM (T),,62%
96W,9/17/2021,1,1,1,8,3,9,3,6,LM (T),,33%
96W,9/17/2021,0.5,1,1,8,4,9,1,8,LM (T),1 egg; 5 artifacts,11%
96W,9/17/2021,0.25,1,1,8,5,11,2,9,LM (T),,18%
96W,9/17/2021,0.125,1,1,8,6,8,2,6,LM (T),,25%
96W,9/17/2021,0.0625,1,1,8,7,8,0,8,LM (T),,0%
96W,9/17/2021,0.03125,1,1,8,8,20,2,18,LM (T),,10%
96W,9/17/2021,0.015625,1,1,8,9,5,0,5,LM (T),,0%
96W,9/17/2021,0.0078125,1,1,8,10,13,1,12,LM (T),,8%
VC,9/17/2021,0,1,1,8,12,13,3,10,LM (T),,23%
96A,9/17/2021,8,1,2,1,1,5,5,0,LM (T),,100%
96A,9/17/2021,4,1,2,1,2,5,5,0,LM (T),,100%
96A,9/17/2021,2,1,2,1,3,5,5,0,LM (T),,100%
96A,9/17/2021,1,1,2,1,4,6,6,0,LM (T),,100%
96A,9/17/2021,0.5,1,2,1,5,3,3,0,LM (T),Low worm count. ,100%
96A,9/17/2021,0.25,1,2,1,6,4,2,2,LM (T),Low worm count. ,50%
96A,9/17/2021,0.125,1,2,1,7,7,0,7,LM (T),,0%
96A,9/17/2021,0.0625,1,2,1,8,5,1,4,LM (T),,20%
96A,9/17/2021,0.03125,1,2,1,9,7,3,4,LM (T),,43%
96A,9/17/2021,0.015625,1,2,1,10,3,0,3,LM (T),Low worm count. ,0%
VC,9/17/2021,0,1,2,1,12,4,0,4,LM (T),Low worm count. ,0%
96D,9/17/2021,8,1,2,2,1,5,5,0,LM (T),,100%
96D,9/17/2021,4,1,2,2,2,4,4,0,LM (T),Low worm count. ,100%
96D,9/17/2021,2,1,2,2,3,7,7,0,LM (T),,100%
96D,9/17/2021,1,1,2,2,4,4,4,0,LM (T),Low worm count. ,100%
96D,9/17/2021,0.5,1,2,2,5,17,17,0,LM (T),,100%
96D,9/17/2021,0.25,1,2,2,6,8,6,2,LM (T),,75%
96D,9/17/2021,0.125,1,2,2,7,7,3,4,LM (T),,43%
96D,9/17/2021,0.0625,1,2,2,8,3,0,3,LM (T),Low worm count. ,0%
96D,9/17/2021,0.03125,1,2,2,9,7,1,6,LM (T),,14%
96D,9/17/2021,0.015625,1,2,2,10,5,1,4,LM (T),,20%
VC,9/17/2021,0,1,2,2,12,14,2,12,LM (T),,14%
96G,9/17/2021,4,1,2,3,1,6,6,0,LM (T),,100%
96G,9/17/2021,2,1,2,3,2,5,5,0,LM (T),,100%
96G,9/17/2021,1,1,2,3,3,7,6,1,LM (T),,86%
96G,9/17/2021,0.5,1,2,3,4,8,6,2,LM (T),,75%
96G,9/17/2021,0.25,1,2,3,5,5,1,4,LM (T),,20%
96G,9/17/2021,0.125,1,2,3,6,7,2,5,LM (T),,29%
96G,9/17/2021,0.0625,1,2,3,7,6,0,6,LM (T),,0%
96G,9/17/2021,0.03125,1,2,3,8,4,0,4,LM (T),Low worm count. ,0%
96G,9/17/2021,0.015625,1,2,3,9,7,1,6,LM (T),,14%
96G,9/17/2021,0.0078125,1,2,3,10,8,1,7,LM (T),,12%
VC,9/17/2021,0,1,2,3,12,13,1,12,LM (T),,8%
96K,9/17/2021,8,1,2,4,1,11,11,0,LM (T),,100%
96K,9/17/2021,4,1,2,4,2,9,9,0,LM (T),,100%
96K,9/17/2021,2,1,2,4,3,8,7,1,LM (T),,87%
96K,9/17/2021,1,1,2,4,4,5,4,1,LM (T),,80%
96K,9/17/2021,0.5,1,2,4,5,6,3,3,LM (T),,50%
96K,9/17/2021,0.25,1,2,4,6,8,3,5,LM (T),,37%
96K,9/17/2021,0.125,1,2,4,7,10,2,8,LM (T),,20%
96K,9/17/2021,0.0625,1,2,4,8,11,5,6,LM (T),,45%
96K,9/17/2021,0.03125,1,2,4,9,6,3,3,LM (T),,50%
96K,9/17/2021,0.015625,1,2,4,10,7,3,4,LM (T),,43%
VC,9/17/2021,0,1,2,4,12,5,0,5,LM (T),,0%
96N,9/17/2021,4,1,2,5,1,11,10,1,LM (T),,91%
96N,9/17/2021,2,1,2,5,2,6,6,0,LM (T),,100%
96N,9/17/2021,1,1,2,5,3,7,7,0,LM (T),,100%
96N,9/17/2021,0.5,1,2,5,4,4,3,1,LM (T),Low worm count. ,75%
96N,9/17/2021,0.25,1,2,5,5,9,9,0,LM (T),,100%
96N,9/17/2021,0.125,1,2,5,6,11,9,2,LM (T),,82%
96N,9/17/2021,0.0625,1,2,5,7,3,3,0,LM (T),Low worm count. ,100%
96N,9/17/2021,0.03125,1,2,5,8,10,6,4,LM (T),,60%
96N,9/17/2021,0.015625,1,2,5,9,7,3,4,LM (T),,43%
96N,9/17/2021,0.0078125,1,2,5,10,6,1,5,LM (T),,17%
VC,9/17/2021,0,1,2,5,12,4,1,3,LM (T),High control mortality. Low worm count. ,25%
96R,9/17/2021,4,1,2,6,1,7,6,1,LM (T),,86%
96R,9/17/2021,2,1,2,6,2,5,4,1,LM (T),,80%
96R,9/17/2021,1,1,2,6,3,9,3,6,LM (T),,33%
96R,9/17/2021,0.5,1,2,6,4,6,2,4,LM (T),,33%
96R,9/17/2021,0.25,1,2,6,5,8,4,4,LM (T),,50%
96R,9/17/2021,0.125,1,2,6,6,8,0,8,LM (T),,0%
96R,9/17/2021,0.0625,1,2,6,7,8,1,7,LM (T),,12%
96R,9/17/2021,0.03125,1,2,6,8,9,2,7,LM (T),,22%
96R,9/17/2021,0.015625,1,2,6,9,5,2,3,LM (T),,40%
96R,9/17/2021,0.0078125,1,2,6,10,3,0,3,LM (T),Low worm count. ,0%
VC,9/17/2021,0,1,2,6,12,9,4,5,LM (T),High control mortality. ,44%
96U,9/17/2021,8,1,2,7,1,5,5,0,LM (T),,100%
96U,9/17/2021,4,1,2,7,2,6,5,1,LM (T),,83%
96U,9/17/2021,2,1,2,7,3,10,8,2,LM (T),,80%
96U,9/17/2021,1,1,2,7,4,8,5,3,LM (T),,62%
96U,9/17/2021,0.5,1,2,7,5,5,3,2,LM (T),,60%
96U,9/17/2021,0.25,1,2,7,6,6,0,6,LM (T),,0%
96U,9/17/2021,0.125,1,2,7,7,9,2,7,LM (T),,22%
96U,9/17/2021,0.0625,1,2,7,8,6,2,4,LM (T),,33%
96U,9/17/2021,0.03125,1,2,7,9,6,3,3,LM (T),,50%
96U,9/17/2021,0.015625,1,2,7,10,6,1,5,LM (T),,17%
VC,9/17/2021,0,1,2,7,12,6,1,5,LM (T),,17%
96X,9/17/2021,64,1,2,8,1,9,4,5,LM (T),,44%
96X,9/17/2021,32,1,2,8,2,4,1,3,LM (T),Low worm count. ,25%
96X,9/17/2021,16,1,2,8,3,11,1,10,LM (T),,9%
96X,9/17/2021,8,1,2,8,4,7,3,4,LM (T),,43%
96X,9/17/2021,4,1,2,8,5,6,1,5,LM (T),,17%
96X,9/17/2021,2,1,2,8,6,6,0,6,LM (T),,0%
96X,9/17/2021,1,1,2,8,7,10,3,7,LM (T),,30%
96X,9/17/2021,0.5,1,2,8,8,5,1,4,LM (T),,20%
96X,9/17/2021,0.25,1,2,8,9,7,4,3,LM (T),,57%
96X,9/17/2021,0.125,1,2,8,10,6,2,4,LM (T),,33%
VC,9/17/2021,0,1,2,8,12,3,1,2,LM (T),High control mortality. Low worm count. ,33%
96B,9/21/2021,16,1,1,1,1,15,15,0,LM (T),,100%
96B,9/21/2021,8,1,1,1,2,7,7,0,LM (T),,100%
96B,9/21/2021,4,1,1,1,3,6,6,0,LM (T),,100%
96B,9/21/2021,2,1,1,1,4,10,9,1,LM (T),,90%
96B,9/21/2021,1,1,1,1,5,11,6,5,LM (T),,55%
96B,9/21/2021,0.5,1,1,1,6,7,1,6,LM (T),,14%
96B,9/21/2021,0.25,1,1,1,7,9,2,7,LM (T),2 eggs; 1 aged dead larva; 7 artifacts,22%
96B,9/21/2021,0.125,1,1,1,8,6,1,5,LM (T),,17%
96B,9/21/2021,0.0625,1,1,1,9,10,1,9,LM (T),,10%
96B,9/21/2021,0.03125,1,1,1,10,7,1,6,LM (T),,14%
VC,9/21/2021,0,1,1,1,12,12,1,11,LM (T),,8%
96E,9/21/2021,8,1,1,2,1,14,14,0,LM (T),,100%
96E,9/21/2021,4,1,1,2,2,12,12,0,LM (T),,100%
96E,9/21/2021,2,1,1,2,3,12,12,0,LM (T),,100%
96E,9/21/2021,1,1,1,2,4,9,9,0,LM (T),,100%
96E,9/21/2021,0.5,1,1,2,5,9,9,0,LM (T),,100%
96E,9/21/2021,0.25,1,1,2,6,8,8,0,LM (T),,100%
96E,9/21/2021,0.125,1,1,2,7,5,5,0,LM (T),,100%
96E,9/21/2021,0.0625,1,1,2,8,7,6,1,LM (T),1 L2 larva; 1 aged dead larva; 7 artifacts,86%
96E,9/21/2021,0.03125,1,1,2,9,8,3,5,LM (T),,37%
96E,9/21/2021,0.015625,1,1,2,10,11,5,6,LM (T),,45%
VC,9/21/2021,0,1,1,2,12,12,2,10,LM (T),,17%
96H,9/21/2021,16,1,1,3,1,7,7,0,LM (T),,100%
96H,9/21/2021,8,1,1,3,2,10,10,0,LM (T),,100%
96H,9/21/2021,4,1,1,3,3,10,8,2,LM (T),,80%
96H,9/21/2021,2,1,1,3,4,10,10,0,LM (T),,100%
96H,9/21/2021,1,1,1,3,5,8,8,0,LM (T),,100%
96H,9/21/2021,0.5,1,1,3,6,11,6,5,LM (T),,55%
96H,9/21/2021,0.25,1,1,3,7,8,0,8,LM (T),,0%
96H,9/21/2021,0.125,1,1,3,8,6,3,3,LM (T),,50%
96H,9/21/2021,0.0625,1,1,3,9,8,0,8,LM (T),,0%
96H,9/21/2021,0.03125,1,1,3,10,16,1,15,LM (T),,6%
VC,9/21/2021,0,1,1,3,12,12,0,12,LM (T),,0%
96L,9/21/2021,8,1,1,4,1,9,9,0,LM (T),,100%
96L,9/21/2021,4,1,1,4,2,14,14,0,LM (T),,100%
96L,9/21/2021,2,1,1,4,3,9,8,1,LM (T),,89%
96L,9/21/2021,1,1,1,4,4,9,8,1,LM (T),,89%
96L,9/21/2021,0.5,1,1,4,5,9,3,6,LM (T),,33%
96L,9/21/2021,0.25,1,1,4,6,7,1,6,LM (T),,14%
96L,9/21/2021,0.125,1,1,4,7,10,1,9,LM (T),,10%
96L,9/21/2021,0.0625,1,1,4,8,11,1,10,LM (T),,9%
96L,9/21/2021,0.03125,1,1,4,9,9,3,6,LM (T),,33%
96L,9/21/2021,0.015625,1,1,4,10,10,1,9,LM (T),,10%
VC,9/21/2021,0,1,1,4,12,11,0,11,LM (T),,0%
96P,9/21/2021,8,1,1,5,1,9,2,7,LM (T),,22%
96P,9/21/2021,4,1,1,5,2,8,2,6,LM (T),,25%
96P,9/21/2021,2,1,1,5,3,10,2,8,LM (T),,20%
96P,9/21/2021,1,1,1,5,4,10,0,10,LM (T),,0%
96P,9/21/2021,0.5,1,1,5,5,6,2,4,LM (T),,33%
96P,9/21/2021,0.25,1,1,5,6,10,1,9,LM (T),,10%
96P,9/21/2021,0.125,1,1,5,7,13,5,8,LM (T),,38%
96P,9/21/2021,0.0625,1,1,5,8,8,1,7,LM (T),,12%
96P,9/21/2021,0.03125,1,1,5,9,6,0,6,LM (T),,0%
96P,9/21/2021,0.015625,1,1,5,10,8,1,7,LM (T),,12%
VC,9/21/2021,0,1,1,5,12,16,3,13,LM (T),,19%
96S,9/21/2021,8,1,1,6,1,14,12,2,LM (T),,86%
96S,9/21/2021,4,1,1,6,2,7,3,4,LM (T),,43%
96S,9/21/2021,2,1,1,6,3,5,1,4,LM (T),,20%
96S,9/21/2021,1,1,1,6,4,10,3,7,LM (T),,30%
96S,9/21/2021,0.5,1,1,6,5,6,2,4,LM (T),,33%
96S,9/21/2021,0.25,1,1,6,6,15,5,10,LM (T),,33%
96S,9/21/2021,0.125,1,1,6,7,13,2,11,LM (T),,15%
96S,9/21/2021,0.0625,1,1,6,8,10,0,10,LM (T),,0%
96S,9/21/2021,0.03125,1,1,6,9,9,1,8,LM (T),,11%
96S,9/21/2021,0.015625,1,1,6,10,15,5,10,LM (T),,33%
VC,9/21/2021,0,1,1,6,12,12,0,12,LM (T),,0%
96V,9/21/2021,8,1,1,7,1,9,9,0,LM (T),,100%
96V,9/21/2021,4,1,1,7,2,10,10,0,LM (T),,100%
96V,9/21/2021,2,1,1,7,3,10,7,3,LM (T),,70%
96V,9/21/2021,1,1,1,7,4,15,8,7,LM (T),,53%
96V,9/21/2021,0.5,1,1,7,5,10,3,7,LM (T),,30%
96V,9/21/2021,0.25,1,1,7,6,10,3,7,LM (T),,30%
96V,9/21/2021,0.125,1,1,7,7,16,5,11,LM (T),,31%
96V,9/21/2021,0.0625,1,1,7,8,10,5,5,LM (T),,50%
96V,9/21/2021,0.03125,1,1,7,9,8,1,7,LM (T),,12%
96V,9/21/2021,0.015625,1,1,7,10,9,0,9,LM (T),,0%
VC,9/21/2021,0,1,1,7,12,8,1,7,LM (T),,12%
96Y,9/21/2021,32,1,1,8,1,14,12,2,LM (T),,86%
96Y,9/21/2021,16,1,1,8,2,10,4,6,LM (T),,40%
96Y,9/21/2021,8,1,1,8,3,9,1,8,LM (T),,11%
96Y,9/21/2021,4,1,1,8,4,5,2,3,LM (T),,40%
96Y,9/21/2021,2,1,1,8,5,7,2,5,LM (T),,29%
96Y,9/21/2021,1,1,1,8,6,9,0,9,LM (T),,0%
96Y,9/21/2021,0.5,1,1,8,7,9,1,8,LM (T),,11%
96Y,9/21/2021,0.25,1,1,8,8,11,1,10,LM (T),,9%
96Y,9/21/2021,0.125,1,1,8,9,11,1,10,LM (T),,9%
96Y,9/21/2021,0.0625,1,1,8,10,13,1,12,LM (T),,8%
VC,9/21/2021,0,1,1,8,12,7,1,6,LM (T),,14%
96A,9/21/2021,8,1,2,1,1,7,7,0,LM (T),,100%
96A,9/21/2021,4,1,2,1,2,10,10,0,LM (T),,100%
96A,9/21/2021,2,1,2,1,3,9,7,2,LM (T),,78%
96A,9/21/2021,1,1,2,1,4,9,9,0,LM (T),,100%
96A,9/21/2021,0.5,1,2,1,5,8,8,0,LM (T),,100%
96A,9/21/2021,0.25,1,2,1,6,7,6,1,LM (T),,86%
96A,9/21/2021,0.125,1,2,1,7,10,10,0,LM (T),,100%
96A,9/21/2021,0.0625,1,2,1,8,5,4,1,LM (T),,80%
96A,9/21/2021,0.03125,1,2,1,9,5,0,5,LM (T),,0%
96A,9/21/2021,0.015625,1,2,1,10,8,2,6,LM (T),,25%
VC,9/21/2021,0,1,2,1,12,8,4,4,LM (T),High control mortality. ,50%
96C,9/21/2021,16,1,2,2,1,6,5,1,LM (T),,83%
96C,9/21/2021,8,1,2,2,2,7,7,0,LM (T),,100%
96C,9/21/2021,4,1,2,2,3,5,5,0,LM (T),,100%
96C,9/21/2021,2,1,2,2,4,9,9,0,LM (T),,100%
96C,9/21/2021,1,1,2,2,5,9,9,0,LM (T),,100%
96C,9/21/2021,0.5,1,2,2,6,3,3,0,LM (T),Low worm count. ,100%
96C,9/21/2021,0.25,1,2,2,7,6,2,4,LM (T),,33%
96C,9/21/2021,0.125,1,2,2,8,6,0,6,LM (T),,0%
96C,9/21/2021,0.0625,1,2,2,9,8,1,7,LM (T),,12%
96C,9/21/2021,0.03125,1,2,2,10,7,2,5,LM (T),,29%
VC,9/21/2021,0,1,2,2,12,12,0,12,LM (T),,0%
96F,9/21/2021,8,1,2,3,1,7,2,5,LM (T),,29%
96F,9/21/2021,4,1,2,3,2,9,0,9,LM (T),,0%
96F,9/21/2021,2,1,2,3,3,9,0,9,LM (T),,0%
96F,9/21/2021,1,1,2,3,4,10,2,8,LM (T),,20%
96F,9/21/2021,0.5,1,2,3,5,7,1,6,LM (T),,14%
96F,9/21/2021,0.25,1,2,3,6,10,2,8,LM (T),,20%
96F,9/21/2021,0.125,1,2,3,7,5,1,4,LM (T),,20%
96F,9/21/2021,0.0625,1,2,3,8,11,2,9,LM (T),,18%
96F,9/21/2021,0.03125,1,2,3,9,6,3,3,LM (T),,50%
96F,9/21/2021,0.015625,1,2,3,10,6,2,4,LM (T),,33%
VC,9/21/2021,0,1,2,3,12,7,3,4,LM (T),High control mortality. ,43%
96J,9/21/2021,8,1,2,4,1,6,5,1,LM (T),,83%
96J,9/21/2021,4,1,2,4,2,6,2,4,LM (T),,33%
96J,9/21/2021,2,1,2,4,3,9,8,1,LM (T),,89%
96J,9/21/2021,1,1,2,4,4,8,2,6,LM (T),,25%
96J,9/21/2021,0.5,1,2,4,5,9,5,4,LM (T),,56%
96J,9/21/2021,0.25,1,2,4,6,7,0,7,LM (T),,0%
96J,9/21/2021,0.125,1,2,4,7,8,0,8,LM (T),,0%
96J,9/21/2021,0.0625,1,2,4,8,8,3,5,LM (T),,37%
96J,9/21/2021,0.03125,1,2,4,9,5,0,5,LM (T),,0%
96J,9/21/2021,0.015625,1,2,4,10,3,1,2,LM (T),Low worm count. ,33%
VC,9/21/2021,0,1,2,4,12,22,5,17,LM (T),,23%
96M,9/21/2021,8,1,2,5,1,6,2,4,LM (T),,33%
96M,9/21/2021,4,1,2,5,2,16,5,11,LM (T),,31%
96M,9/21/2021,2,1,2,5,3,6,1,5,LM (T),,17%
96M,9/21/2021,1,1,2,5,4,12,0,12,LM (T),,0%
96M,9/21/2021,0.5,1,2,5,5,6,2,4,LM (T),,33%
96M,9/21/2021,0.25,1,2,5,6,11,3,8,LM (T),,27%
96M,9/21/2021,0.125,1,2,5,7,6,1,5,LM (T),,17%
96M,9/21/2021,0.0625,1,2,5,8,7,2,5,LM (T),,29%
96M,9/21/2021,0.03125,1,2,5,9,8,1,7,LM (T),,12%
96M,9/21/2021,0.015625,1,2,5,10,6,1,5,LM (T),,17%
VC,9/21/2021,0,1,2,5,12,7,1,6,LM (T),,14%
96Q,9/21/2021,4,1,2,6,1,7,7,0,LM (T),,100%
96Q,9/21/2021,2,1,2,6,2,7,6,1,LM (T),,86%
96Q,9/21/2021,1,1,2,6,3,7,6,1,LM (T),,86%
96Q,9/21/2021,0.5,1,2,6,4,13,11,2,LM (T),,85%
96Q,9/21/2021,0.25,1,2,6,5,7,6,1,LM (T),,86%
96Q,9/21/2021,0.125,1,2,6,6,5,2,3,LM (T),,40%
96Q,9/21/2021,0.0625,1,2,6,7,7,2,5,LM (T),,29%
96Q,9/21/2021,0.03125,1,2,6,8,5,0,5,LM (T),,0%
96Q,9/21/2021,0.015625,1,2,6,9,12,3,9,LM (T),,25%
96Q,9/21/2021,0.0078125,1,2,6,10,4,1,3,LM (T),Low worm count. ,25%
VC,9/21/2021,0,1,2,6,12,5,2,3,LM (T),High control mortality. ,40%
96T,9/21/2021,8,1,2,7,1,8,0,8,LM (T),,0%
96T,9/21/2021,4,1,2,7,2,6,0,6,LM (T),,0%
96T,9/21/2021,2,1,2,7,3,11,7,4,LM (T),,64%
96T,9/21/2021,1,1,2,7,4,6,2,4,LM (T),,33%
96T,9/21/2021,0.5,1,2,7,5,12,3,9,LM (T),,25%
96T,9/21/2021,0.25,1,2,7,6,8,7,1,LM (T),,87%
96T,9/21/2021,0.125,1,2,7,7,10,2,8,LM (T),,20%
96T,9/21/2021,0.0625,1,2,7,8,9,0,9,LM (T),,0%
96T,9/21/2021,0.03125,1,2,7,9,13,2,11,LM (T),,15%
96T,9/21/2021,0.015625,1,2,7,10,10,2,8,LM (T),,20%
VC,9/21/2021,0,1,2,7,12,9,5,4,LM (T),High control mortality. ,56%
96W,9/21/2021,4,1,2,8,1,5,5,0,LM (T),,100%
96W,9/21/2021,2,1,2,8,2,7,6,1,LM (T),,86%
96W,9/21/2021,1,1,2,8,3,10,5,5,LM (T),,50%
96W,9/21/2021,0.5,1,2,8,4,6,2,4,LM (T),,33%
96W,9/21/2021,0.25,1,2,8,5,10,2,8,LM (T),,20%
96W,9/21/2021,0.125,1,2,8,6,7,3,4,LM (T),,43%
96W,9/21/2021,0.0625,1,2,8,7,9,6,3,LM (T),,67%
96W,9/21/2021,0.03125,1,2,8,8,9,0,9,LM (T),,0%
96W,9/21/2021,0.015625,1,2,8,9,15,1,14,LM (T),,7%
96W,9/21/2021,0.0078125,1,2,8,10,11,3,8,LM (T),,27%
VC,9/21/2021,0,1,2,8,12,13,4,9,LM (T),High control mortality. ,31%
96A,9/23/2021,8,1,1,1,1,8,7,1,LM (T),,87%
96A,9/23/2021,4,1,1,1,2,8,7,1,LM (T),,87%
96A,9/23/2021,2,1,1,1,3,6,6,0,LM (T),,100%
96A,9/23/2021,1,1,1,1,4,5,5,0,LM (T),,100%
96A,9/23/2021,0.5,1,1,1,5,8,6,2,LM (T),,75%
96A,9/23/2021,0.25,1,1,1,6,10,2,8,LM (T),,20%
96A,9/23/2021,0.125,1,1,1,7,13,1,12,LM (T),,8%
96A,9/23/2021,0.0625,1,1,1,8,10,0,10,LM (T),,0%
96A,9/23/2021,0.03125,1,1,1,9,11,3,8,LM (T),,27%
96A,9/23/2021,0.015625,1,1,1,10,8,0,8,LM (T),,0%
VC,9/23/2021,0,1,1,1,12,5,0,5,LM (T),,0%
96D,9/23/2021,8,1,1,2,1,3,3,0,LM (T),Low worm count. ,100%
96D,9/23/2021,4,1,1,2,2,10,10,0,LM (T),,100%
96D,9/23/2021,2,1,1,2,3,10,10,0,LM (T),,100%
96D,9/23/2021,1,1,1,2,4,6,6,0,LM (T),,100%
96D,9/23/2021,0.5,1,1,2,5,7,5,2,LM (T),,71%
96D,9/23/2021,0.25,1,1,2,6,9,6,3,LM (T),,67%
96D,9/23/2021,0.125,1,1,2,7,18,2,16,LM (T),,11%
96D,9/23/2021,0.0625,1,1,2,8,10,0,10,LM (T),,0%
96D,9/23/2021,0.03125,1,1,2,9,3,1,2,LM (T),Low worm count. ,33%
96D,9/23/2021,0.015625,1,1,2,10,5,0,5,LM (T),,0%
VC,9/23/2021,0,1,1,2,12,8,2,6,LM (T),High control mortality. ,25%
96G,9/23/2021,4,1,1,3,1,5,5,0,LM (T),,100%
96G,9/23/2021,2,1,1,3,2,7,7,0,LM (T),,100%
96G,9/23/2021,1,1,1,3,3,15,10,5,LM (T),,67%
96G,9/23/2021,0.5,1,1,3,4,11,6,5,LM (T),,55%
96G,9/23/2021,0.25,1,1,3,5,9,0,9,LM (T),,0%
96G,9/23/2021,0.125,1,1,3,6,10,2,8,LM (T),,20%
96G,9/23/2021,0.0625,1,1,3,7,8,2,6,LM (T),,25%
96G,9/23/2021,0.03125,1,1,3,8,6,1,5,LM (T),,17%
96G,9/23/2021,0.015625,1,1,3,9,11,2,9,LM (T),,18%
96G,9/23/2021,0.0078125,1,1,3,10,4,1,3,LM (T),Low worm count. ,25%
VC,9/23/2021,0,1,1,3,12,7,1,6,LM (T),,14%
96K,9/23/2021,8,1,1,4,1,12,12,0,LM (T),,100%
96K,9/23/2021,4,1,1,4,2,9,7,2,LM (T),,78%
96K,9/23/2021,2,1,1,4,3,5,3,2,LM (T),,60%
96K,9/23/2021,1,1,1,4,4,5,2,3,LM (T),,40%
96K,9/23/2021,0.5,1,1,4,5,7,0,7,LM (T),,0%
96K,9/23/2021,0.25,1,1,4,6,10,2,8,LM (T),,20%
96K,9/23/2021,0.125,1,1,4,7,13,2,11,LM (T),,15%
96K,9/23/2021,0.0625,1,1,4,8,9,0,9,LM (T),,0%
96K,9/23/2021,0.03125,1,1,4,9,9,1,8,LM (T),,11%
96K,9/23/2021,0.015625,1,1,4,10,11,0,11,LM (T),,0%
VC,9/23/2021,0,1,1,4,12,13,1,12,LM (T),,8%
96N,9/23/2021,4,1,1,5,1,8,6,2,LM (T),,75%
96N,9/23/2021,2,1,1,5,2,10,7,3,LM (T),,70%
96N,9/23/2021,1,1,1,5,3,9,6,3,LM (T),,67%
96N,9/23/2021,0.5,1,1,5,4,9,6,3,LM (T),,67%
96N,9/23/2021,0.25,1,1,5,5,7,6,1,LM (T),,86%
96N,9/23/2021,0.125,1,1,5,6,6,0,6,LM (T),,0%
96N,9/23/2021,0.0625,1,1,5,7,13,6,7,LM (T),,46%
96N,9/23/2021,0.03125,1,1,5,8,4,1,3,LM (T),Low worm count. ,25%
96N,9/23/2021,0.015625,1,1,5,9,4,1,3,LM (T),Low worm count. ,25%
96N,9/23/2021,0.0078125,1,1,5,10,10,0,10,LM (T),,0%
VC,9/23/2021,0,1,1,5,12,14,2,12,LM (T),,14%
96R,9/23/2021,4,1,1,6,1,12,11,1,LM (T),,92%
96R,9/23/2021,2,1,1,6,2,14,12,2,LM (T),,86%
96R,9/23/2021,1,1,1,6,3,8,6,2,LM (T),,75%
96R,9/23/2021,0.5,1,1,6,4,11,6,5,LM (T),,55%
96R,9/23/2021,0.25,1,1,6,5,10,6,4,LM (T),,60%
96R,9/23/2021,0.125,1,1,6,6,11,4,7,LM (T),,36%
96R,9/23/2021,0.0625,1,1,6,7,10,2,8,LM (T),,20%
96R,9/23/2021,0.03125,1,1,6,8,8,2,6,LM (T),,25%
96R,9/23/2021,0.015625,1,1,6,9,5,0,5,LM (T),,0%
96R,9/23/2021,0.0078125,1,1,6,10,6,0,6,LM (T),,0%
VC,9/23/2021,0,1,1,6,12,5,1,4,LM (T),,20%
96U,9/23/2021,8,1,1,7,1,11,10,1,LM (T),,91%
96U,9/23/2021,4,1,1,7,2,10,6,4,LM (T),,60%
96U,9/23/2021,2,1,1,7,3,10,6,4,LM (T),,60%
96U,9/23/2021,1,1,1,7,4,10,9,1,LM (T),,90%
96U,9/23/2021,0.5,1,1,7,5,10,6,4,LM (T),,60%
96U,9/23/2021,0.25,1,1,7,6,8,4,4,LM (T),,50%
96U,9/23/2021,0.125,1,1,7,7,8,1,7,LM (T),,12%
96U,9/23/2021,0.0625,1,1,7,8,7,2,5,LM (T),,29%
96U,9/23/2021,0.03125,1,1,7,9,5,0,5,LM (T),,0%
96U,9/23/2021,0.015625,1,1,7,10,12,2,10,LM (T),,17%
VC,9/23/2021,0,1,1,7,12,11,1,10,LM (T),,9%
96X,9/23/2021,64,1,1,8,1,10,3,7,LM (T),,30%
96X,9/23/2021,32,1,1,8,2,10,2,8,LM (T),,20%
96X,9/23/2021,16,1,1,8,3,6,2,4,LM (T),,33%
96X,9/23/2021,8,1,1,8,4,9,3,6,LM (T),,33%
96X,9/23/2021,4,1,1,8,5,9,2,7,LM (T),,22%
96X,9/23/2021,2,1,1,8,6,8,2,6,LM (T),,25%
96X,9/23/2021,1,1,1,8,7,7,2,5,LM (T),,29%
96X,9/23/2021,0.5,1,1,8,8,12,0,12,LM (T),,0%
96X,9/23/2021,0.25,1,1,8,9,6,0,6,LM (T),,0%
96X,9/23/2021,0.125,1,1,8,10,6,1,5,LM (T),,17%
VC,9/23/2021,0,1,1,8,12,11,1,10,LM (T),,9%
96B,9/24/2021,16,1,2,1,1,9,7,2,LM (T),,78%
96B,9/24/2021,8,1,2,1,2,9,8,1,LM (T),,89%
96B,9/24/2021,4,1,2,1,3,6,6,0,LM (T),,100%
96B,9/24/2021,2,1,2,1,4,13,13,0,LM (T),,100%
96B,9/24/2021,1,1,2,1,5,5,5,0,LM (T),,100%
96B,9/24/2021,0.5,1,2,1,6,7,7,0,LM (T),,100%
96B,9/24/2021,0.25,1,2,1,7,3,3,0,LM (T),Low worm count. ,100%
96B,9/24/2021,0.125,1,2,1,8,8,8,0,LM (T),,100%
96B,9/24/2021,0.0625,1,2,1,9,4,3,1,LM (T),Low worm count. ,75%
96B,9/24/2021,0.03125,1,2,1,10,8,2,6,LM (T),,25%
VC,9/24/2021,0,1,2,1,12,10,3,7,LM (T),High control mortality. ,30%
96E,9/24/2021,8,1,2,2,1,5,5,0,LM (T),,100%
96E,9/24/2021,4,1,2,2,2,7,7,0,LM (T),,100%
96E,9/24/2021,2,1,2,2,3,7,7,0,LM (T),,100%
96E,9/24/2021,1,1,2,2,4,12,12,0,LM (T),,100%
96E,9/24/2021,0.5,1,2,2,5,4,3,1,LM (T),Low worm count. ,75%
96E,9/24/2021,0.25,1,2,2,6,7,7,0,LM (T),,100%
96E,9/24/2021,0.125,1,2,2,7,8,2,6,LM (T),,25%
96E,9/24/2021,0.0625,1,2,2,8,7,2,5,LM (T),2 eggs; 5 artifacts,29%
96E,9/24/2021,0.03125,1,2,2,9,8,2,6,LM (T),,25%
96E,9/24/2021,0.015625,1,2,2,10,6,0,6,LM (T),,0%
VC,9/24/2021,0,1,2,2,12,8,0,8,LM (T),,0%
96H,9/24/2021,16,1,2,3,1,12,3,9,LM (T),,25%
96H,9/24/2021,8,1,2,3,2,6,2,4,LM (T),,33%
96H,9/24/2021,4,1,2,3,3,13,5,8,LM (T),,38%
96H,9/24/2021,2,1,2,3,4,12,5,7,LM (T),,42%
96H,9/24/2021,1,1,2,3,5,14,1,13,LM (T),,7%
96H,9/24/2021,0.5,1,2,3,6,10,4,6,LM (T),,40%
96H,9/24/2021,0.25,1,2,3,7,5,0,5,LM (T),,0%
96H,9/24/2021,0.125,1,2,3,8,6,0,6,LM (T),,0%
96H,9/24/2021,0.0625,1,2,3,9,12,4,8,LM (T),,33%
96H,9/24/2021,0.03125,1,2,3,10,6,2,4,LM (T),1 aged dead larva; 5 artifacts,33%
VC,9/24/2021,0,1,2,3,12,9,3,6,LM (T),High control mortality. ,33%
96L,9/24/2021,8,1,2,4,1,10,9,1,LM (T),,90%
96L,9/24/2021,4,1,2,4,2,10,8,2,LM (T),,80%
96L,9/24/2021,2,1,2,4,3,6,2,4,LM (T),,33%
96L,9/24/2021,1,1,2,4,4,11,5,6,LM (T),,45%
96L,9/24/2021,0.5,1,2,4,5,11,3,8,LM (T),,27%
96L,9/24/2021,0.25,1,2,4,6,10,1,9,LM (T),,10%
96L,9/24/2021,0.125,1,2,4,7,9,0,9,LM (T),,0%
96L,9/24/2021,0.0625,1,2,4,8,17,5,12,LM (T),,29%
96L,9/24/2021,0.03125,1,2,4,9,4,1,3,LM (T),Low worm count. ,25%
96L,9/24/2021,0.015625,1,2,4,10,9,0,9,LM (T),,0%
VC,9/24/2021,0,1,2,4,12,15,3,12,LM (T),,20%
96P,9/24/2021,8,1,2,5,1,17,3,14,LM (T),,18%
96P,9/24/2021,4,1,2,5,2,7,1,6,LM (T),,14%
96P,9/24/2021,2,1,2,5,3,12,0,12,LM (T),,0%
96P,9/24/2021,1,1,2,5,4,14,3,11,LM (T),,21%
96P,9/24/2021,0.5,1,2,5,5,14,1,13,LM (T),,7%
96P,9/24/2021,0.25,1,2,5,6,8,0,8,LM (T),,0%
96P,9/24/2021,0.125,1,2,5,7,9,3,6,LM (T),,33%
96P,9/24/2021,0.0625,1,2,5,8,6,1,5,LM (T),,17%
96P,9/24/2021,0.03125,1,2,5,9,5,0,5,LM (T),,0%
96P,9/24/2021,0.015625,1,2,5,10,6,1,5,LM (T),,17%
VC,9/24/2021,0,1,2,5,12,18,1,17,LM (T),,6%
96S,9/24/2021,8,1,2,6,1,16,16,0,LM (T),,100%
96S,9/24/2021,4,1,2,6,2,5,4,1,LM (T),,80%
96S,9/24/2021,2,1,2,6,3,5,5,0,LM (T),,100%
96S,9/24/2021,1,1,2,6,4,7,3,4,LM (T),,43%
96S,9/24/2021,0.5,1,2,6,5,7,3,4,LM (T),,43%
96S,9/24/2021,0.25,1,2,6,6,8,4,4,LM (T),,50%
96S,9/24/2021,0.125,1,2,6,7,5,1,4,LM (T),,20%
96S,9/24/2021,0.0625,1,2,6,8,7,2,5,LM (T),,29%
96S,9/24/2021,0.03125,1,2,6,9,10,0,10,LM (T),,0%
96S,9/24/2021,0.015625,1,2,6,10,8,1,7,LM (T),,12%
VC,9/24/2021,0,1,2,6,12,13,2,11,LM (T),,15%
96V,9/24/2021,8,1,2,7,1,6,1,5,LM (T),,17%
96V,9/24/2021,4,1,2,7,2,7,3,4,LM (T),,43%
96V,9/24/2021,2,1,2,7,3,9,2,7,LM (T),,22%
96V,9/24/2021,1,1,2,7,4,5,0,5,LM (T),,0%
96V,9/24/2021,0.5,1,2,7,5,12,4,8,LM (T),,33%
96V,9/24/2021,0.25,1,2,7,6,9,2,7,LM (T),,22%
96V,9/24/2021,0.125,1,2,7,7,10,0,10,LM (T),,0%
96V,9/24/2021,0.0625,1,2,7,8,8,3,5,LM (T),,37%
96V,9/24/2021,0.03125,1,2,7,9,7,1,6,LM (T),,14%
96V,9/24/2021,0.015625,1,2,7,10,11,2,9,LM (T),,18%
VC,9/24/2021,0,1,2,7,12,15,1,14,LM (T),,7%
96Y,9/24/2021,32,1,2,8,1,6,6,0,LM (T),,100%
96Y,9/24/2021,16,1,2,8,2,9,9,0,LM (T),,100%
96Y,9/24/2021,8,1,2,8,3,7,3,4,LM (T),,43%
96Y,9/24/2021,4,1,2,8,4,8,1,7,LM (T),1 aged dead larva; 5 artifacts,12%
96Y,9/24/2021,2,1,2,8,5,12,1,11,LM (T),,8%
96Y,9/24/2021,1,1,2,8,6,7,0,7,LM (T),,0%
96Y,9/24/2021,0.5,1,2,8,7,13,3,10,LM (T),,23%
96Y,9/24/2021,0.25,1,2,8,8,5,0,5,LM (T),,0%
96Y,9/24/2021,0.125,1,2,8,9,9,2,7,LM (T),,22%
96Y,9/24/2021,0.0625,1,2,8,10,10,1,9,LM (T),,10%
VC,9/24/2021,0,1,2,8,12,10,2,8,LM (T),,20%
96A,9/24/2021,8,1,3,1,1,7,6,1,LM (T),,86%
96A,9/24/2021,4,1,3,1,2,5,3,2,LM (T),,60%
96A,9/24/2021,2,1,3,1,3,9,8,1,LM (T),,89%
96A,9/24/2021,1,1,3,1,4,8,7,1,LM (T),,87%
96A,9/24/2021,0.5,1,3,1,5,6,3,3,LM (T),,50%
96A,9/24/2021,0.25,1,3,1,6,8,1,7,LM (T),,12%
96A,9/24/2021,0.125,1,3,1,7,15,1,14,LM (T),,7%
96A,9/24/2021,0.0625,1,3,1,8,6,0,6,LM (T),,0%
96A,9/24/2021,0.03125,1,3,1,9,6,0,6,LM (T),,0%
96A,9/24/2021,0.015625,1,3,1,10,4,3,1,LM (T),Low worm count. ,75%
VC,9/24/2021,0,1,3,1,12,7,0,7,LM (T),,0%
96C,9/24/2021,16,1,3,2,1,7,7,0,LM (T),,100%
96C,9/24/2021,8,1,3,2,2,4,4,0,LM (T),Low worm count. ,100%
96C,9/24/2021,4,1,3,2,3,5,5,0,LM (T),,100%
96C,9/24/2021,2,1,3,2,4,6,5,1,LM (T),7 artifacts,83%
96C,9/24/2021,1,1,3,2,5,8,8,0,LM (T),,100%
96C,9/24/2021,0.5,1,3,2,6,3,3,0,LM (T),Low worm count. ,100%
96C,9/24/2021,0.25,1,3,2,7,8,8,0,LM (T),,100%
96C,9/24/2021,0.125,1,3,2,8,8,8,0,LM (T),,100%
96C,9/24/2021,0.0625,1,3,2,9,4,2,2,LM (T),Low worm count. ,50%
96C,9/24/2021,0.03125,1,3,2,10,7,2,5,LM (T),,29%
VC,9/24/2021,0,1,3,2,12,20,0,20,LM (T),,0%
96F,9/24/2021,8,1,3,3,1,11,11,0,LM (T),,100%
96F,9/24/2021,4,1,3,3,2,14,13,1,LM (T),,93%
96F,9/24/2021,2,1,3,3,3,4,4,0,LM (T),Low worm count. ,100%
96F,9/24/2021,1,1,3,3,4,7,7,0,LM (T),,100%
96F,9/24/2021,0.5,1,3,3,5,5,5,0,LM (T),,100%
96F,9/24/2021,0.25,1,3,3,6,9,7,2,LM (T),,78%
96F,9/24/2021,0.125,1,3,3,7,7,3,4,LM (T),,43%
96F,9/24/2021,0.0625,1,3,3,8,8,1,7,LM (T),,12%
96F,9/24/2021,0.03125,1,3,3,9,9,2,7,LM (T),,22%
96F,9/24/2021,0.015625,1,3,3,10,8,0,8,LM (T),,0%
VC,9/24/2021,0,1,3,3,12,9,4,5,LM (T),High control mortality. ,44%
96J,9/24/2021,8,1,3,4,1,3,3,0,LM (T),Low worm count. ,100%
96J,9/24/2021,4,1,3,4,2,12,12,0,LM (T),,100%
96J,9/24/2021,2,1,3,4,3,5,5,0,LM (T),,100%
96J,9/24/2021,1,1,3,4,4,4,4,0,LM (T),Low worm count. ,100%
96J,9/24/2021,0.5,1,3,4,5,8,5,3,LM (T),,62%
96J,9/24/2021,0.25,1,3,4,6,9,4,5,LM (T),,44%
96J,9/24/2021,0.125,1,3,4,7,8,2,6,LM (T),,25%
96J,9/24/2021,0.0625,1,3,4,8,7,0,7,LM (T),,0%
96J,9/24/2021,0.03125,1,3,4,9,7,0,7,LM (T),,0%
96J,9/24/2021,0.015625,1,3,4,10,10,0,10,LM (T),,0%
VC,9/24/2021,0,1,3,4,12,11,3,8,LM (T),High control mortality. ,27%
96M,9/24/2021,8,1,3,1,1,12,6,6,LM (T),,50%
96M,9/24/2021,4,1,3,1,2,11,2,9,LM (T),,18%
96M,9/24/2021,2,1,3,1,3,7,2,5,LM (T),,29%
96M,9/24/2021,1,1,3,1,4,10,1,9,LM (T),,10%
96M,9/24/2021,0.5,1,3,1,5,9,0,9,LM (T),,0%
96M,9/24/2021,0.25,1,3,1,6,4,2,2,LM (T),Low worm count. ,50%
96M,9/24/2021,0.125,1,3,1,7,6,0,6,LM (T),,0%
96M,9/24/2021,0.0625,1,3,1,8,6,0,6,LM (T),,0%
96M,9/24/2021,0.03125,1,3,1,9,8,1,7,LM (T),,12%
96M,9/24/2021,0.015625,1,3,1,10,8,1,7,LM (T),,12%
VC,9/24/2021,0,1,3,1,12,7,3,4,LM (T),High control mortality. 2 eggs; 2 L2 larvae; 3 aged dead larvae; 6 artifacts,43%
96Q,9/24/2021,4,1,3,2,1,8,6,2,LM (T),,75%
96Q,9/24/2021,2,1,3,2,2,14,8,6,LM (T),,57%
96Q,9/24/2021,1,1,3,2,3,15,8,7,LM (T),,53%
96Q,9/24/2021,0.5,1,3,2,4,7,1,6,LM (T),,14%
96Q,9/24/2021,0.25,1,3,2,5,9,2,7,LM (T),,22%
96Q,9/24/2021,0.125,1,3,2,6,10,0,10,LM (T),,0%
96Q,9/24/2021,0.0625,1,3,2,7,7,1,6,LM (T),,14%
96Q,9/24/2021,0.03125,1,3,2,8,7,1,6,LM (T),,14%
96Q,9/24/2021,0.015625,1,3,2,9,9,1,8,LM (T),,11%
96Q,9/24/2021,0.0078125,1,3,2,10,8,3,5,LM (T),,37%
VC,9/24/2021,0,1,3,2,12,10,0,10,LM (T),,0%
96T,9/24/2021,8,1,3,3,1,10,9,1,LM (T),,90%
96T,9/24/2021,4,1,3,3,2,9,8,1,LM (T),,89%
96T,9/24/2021,2,1,3,3,3,11,6,5,LM (T),,55%
96T,9/24/2021,1,1,3,3,4,12,2,10,LM (T),,17%
96T,9/24/2021,0.5,1,3,3,5,14,9,5,LM (T),,64%
96T,9/24/2021,0.25,1,3,3,6,15,4,11,LM (T),,27%
96T,9/24/2021,0.125,1,3,3,7,7,0,7,LM (T),,0%
96T,9/24/2021,0.0625,1,3,3,8,9,4,5,LM (T),,44%
96T,9/24/2021,0.03125,1,3,3,9,9,0,9,LM (T),,0%
96T,9/24/2021,0.015625,1,3,3,10,11,2,9,LM (T),3 eggs; 2 aged dead larvae; 1 artifact,18%
VC,9/24/2021,0,1,3,3,12,8,1,7,LM (T),,12%
96W,9/24/2021,4,1,3,4,1,15,15,0,LM (T),,100%
96W,9/24/2021,2,1,3,4,2,14,8,6,LM (T),,57%
96W,9/24/2021,1,1,3,4,3,13,6,7,LM (T),,46%
96W,9/24/2021,0.5,1,3,4,4,10,3,7,LM (T),,30%
96W,9/24/2021,0.25,1,3,4,5,7,2,5,LM (T),,29%
96W,9/24/2021,0.125,1,3,4,6,11,2,9,LM (T),,18%
96W,9/24/2021,0.0625,1,3,4,7,5,3,2,LM (T),,60%
96W,9/24/2021,0.03125,1,3,4,8,9,6,3,LM (T),,67%
96W,9/24/2021,0.015625,1,3,4,9,7,2,5,LM (T),,29%
96W,9/24/2021,0.0078125,1,3,4,10,8,0,8,LM (T),,0%
VC,9/24/2021,0,1,3,4,12,9,1,8,LM (T),,11%
96A,9/24/2021,8,1,1,1,1,13,13,0,LM (T),,100%
96A,9/24/2021,4,1,1,1,2,16,16,0,LM (T),,100%
96A,9/24/2021,2,1,1,1,3,17,17,0,LM (T),,100%
96A,9/24/2021,1,1,1,1,4,9,9,0,LM (T),,100%
96A,9/24/2021,0.5,1,1,1,5,16,5,11,LM (T),,31%
96A,9/24/2021,0.25,1,1,1,6,13,2,11,LM (T),,15%
96A,9/24/2021,0.125,1,1,1,7,15,0,15,LM (T),,0%
96A,9/24/2021,0.0625,1,1,1,8,14,2,12,LM (T),,14%
96A,9/24/2021,0.03125,1,1,1,9,13,1,12,LM (T),,8%
96A,9/24/2021,0.015625,1,1,1,10,22,1,21,LM (T),,5%
VC,9/24/2021,0,1,1,1,12,16,2,14,LM (T),,12%
96C,9/24/2021,16,1,1,2,1,13,13,0,LM (T),5 artifacts,100%
96C,9/24/2021,8,1,1,2,2,15,15,0,LM (T),,100%
96C,9/24/2021,4,1,1,2,3,13,13,0,LM (T),,100%
96C,9/24/2021,2,1,1,2,4,9,9,0,LM (T),,100%
96C,9/24/2021,1,1,1,2,5,12,12,0,LM (T),,100%
96C,9/24/2021,0.5,1,1,2,6,12,12,0,LM (T),,100%
96C,9/24/2021,0.25,1,1,2,7,16,16,0,LM (T),,100%
96C,9/24/2021,0.125,1,1,2,8,12,11,1,LM (T),,92%
96C,9/24/2021,0.0625,1,1,2,9,20,17,3,LM (T),,85%
96C,9/24/2021,0.03125,1,1,2,10,12,1,11,LM (T),,8%
VC,9/24/2021,0,1,1,2,12,18,0,18,LM (T),,0%
96F,9/24/2021,8,1,1,3,1,22,22,0,LM (T),,100%
96F,9/24/2021,4,1,1,3,2,15,15,0,LM (T),,100%
96F,9/24/2021,2,1,1,3,3,8,8,0,LM (T),,100%
96F,9/24/2021,1,1,1,3,4,15,15,0,LM (T),,100%
96F,9/24/2021,0.5,1,1,3,5,13,13,0,LM (T),,100%
96F,9/24/2021,0.25,1,1,3,6,11,10,1,LM (T),,91%
96F,9/24/2021,0.125,1,1,3,7,12,4,8,LM (T),,33%
96F,9/24/2021,0.0625,1,1,3,8,16,1,15,LM (T),,6%
96F,9/24/2021,0.03125,1,1,3,9,12,2,10,LM (T),,17%
96F,9/24/2021,0.015625,1,1,3,10,25,3,22,LM (T),,12%
VC,9/24/2021,0,1,1,3,12,19,1,18,LM (T),,5%
96J,9/24/2021,8,1,1,4,1,12,12,0,LM (T),,100%
96J,9/24/2021,4,1,1,4,2,14,14,0,LM (T),,100%
96J,9/24/2021,2,1,1,4,3,15,15,0,LM (T),,100%
96J,9/24/2021,1,1,1,4,4,8,8,0,LM (T),,100%
96J,9/24/2021,0.5,1,1,4,5,11,9,2,LM (T),1 egg; 1 aged dead larva; 7 artifacts,82%
96J,9/24/2021,0.25,1,1,4,6,14,10,4,LM (T),,71%
96J,9/24/2021,0.125,1,1,4,7,15,2,13,LM (T),,13%
96J,9/24/2021,0.0625,1,1,4,8,12,0,12,LM (T),,0%
96J,9/24/2021,0.03125,1,1,4,9,14,1,13,LM (T),,7%
96J,9/24/2021,0.015625,1,1,4,10,10,1,9,LM (T),,10%
VC,9/24/2021,0,1,1,4,12,19,0,19,LM (T),,0%
96M,9/24/2021,8,1,1,5,1,9,3,6,LM (T),,33%
96M,9/24/2021,4,1,1,5,2,12,1,11,LM (T),,8%
96M,9/24/2021,2,1,1,5,3,12,3,9,LM (T),,25%
96M,9/24/2021,1,1,1,5,4,12,1,11,LM (T),,8%
96M,9/24/2021,0.5,1,1,5,5,13,3,10,LM (T),6 eggs; 7 artifacts,23%
96M,9/24/2021,0.25,1,1,5,6,18,1,17,LM (T),,6%
96M,9/24/2021,0.125,1,1,5,7,12,1,11,LM (T),,8%
96M,9/24/2021,0.0625,1,1,5,8,12,2,10,LM (T),,17%
96M,9/24/2021,0.03125,1,1,5,9,9,0,9,LM (T),,0%
96M,9/24/2021,0.015625,1,1,5,10,12,2,10,LM (T),,17%
VC,9/24/2021,0,1,1,5,12,13,1,12,LM (T),,8%
96Q,9/24/2021,4,1,1,6,1,6,3,3,LM (T),,50%
96Q,9/24/2021,2,1,1,6,2,15,7,8,LM (T),,47%
96Q,9/24/2021,1,1,1,6,3,7,1,6,LM (T),,14%
96Q,9/24/2021,0.5,1,1,6,4,15,3,12,LM (T),,20%
96Q,9/24/2021,0.25,1,1,6,5,16,2,14,LM (T),,12%
96Q,9/24/2021,0.125,1,1,6,6,13,3,10,LM (T),,23%
96Q,9/24/2021,0.0625,1,1,6,7,14,5,9,LM (T),,36%
96Q,9/24/2021,0.03125,1,1,6,8,20,1,19,LM (T),,5%
96Q,9/24/2021,0.015625,1,1,6,9,11,1,10,LM (T),,9%
96Q,9/24/2021,0.0078125,1,1,6,10,12,1,11,LM (T),,8%
VC,9/24/2021,0,1,1,6,12,23,2,21,LM (T),,9%
96T,9/24/2021,8,1,1,7,1,13,13,0,LM (T),,100%
96T,9/24/2021,4,1,1,7,2,20,17,3,LM (T),,85%
96T,9/24/2021,2,1,1,7,3,9,6,3,LM (T),,67%
96T,9/24/2021,1,1,1,7,4,9,6,3,LM (T),,67%
96T,9/24/2021,0.5,1,1,7,5,11,4,7,LM (T),,36%
96T,9/24/2021,0.25,1,1,7,6,14,2,12,LM (T),,14%
96T,9/24/2021,0.125,1,1,7,7,19,1,18,LM (T),,5%
96T,9/24/2021,0.0625,1,1,7,8,8,0,8,LM (T),,0%
96T,9/24/2021,0.03125,1,1,7,9,15,2,13,LM (T),,13%
96T,9/24/2021,0.015625,1,1,7,10,15,0,15,LM (T),,0%
VC,9/24/2021,0,1,1,7,12,11,0,11,LM (T),,0%
96W,9/24/2021,4,1,1,8,1,16,13,3,LM (T),,81%
96W,9/24/2021,2,1,1,8,2,12,6,6,LM (T),,50%
96W,9/24/2021,1,1,1,8,3,13,4,9,LM (T),,31%
96W,9/24/2021,0.5,1,1,8,4,8,1,7,LM (T),,12%
96W,9/24/2021,0.25,1,1,8,5,9,0,9,LM (T),,0%
96W,9/24/2021,0.125,1,1,8,6,10,0,10,LM (T),,0%
96W,9/24/2021,0.0625,1,1,8,7,8,0,8,LM (T),,0%
96W,9/24/2021,0.03125,1,1,8,8,17,1,16,LM (T),,6%
96W,9/24/2021,0.015625,1,1,8,9,18,1,17,LM (T),,6%
96W,9/24/2021,0.0078125,1,1,8,10,12,0,12,LM (T),,0%
VC,9/24/2021,0,1,1,8,12,28,2,26,LM (T),High worm count. ,7%
96A,9/24/2021,8,1,2,1,1,6,6,0,LM (T),,100%
96A,9/24/2021,4,1,2,1,2,7,7,0,LM (T),,100%
96A,9/24/2021,2,1,2,1,3,17,17,0,LM (T),,100%
96A,9/24/2021,1,1,2,1,4,12,12,0,LM (T),,100%
96A,9/24/2021,0.5,1,2,1,5,8,5,3,LM (T),,62%
96A,9/24/2021,0.25,1,2,1,6,16,1,15,LM (T),,6%
96A,9/24/2021,0.125,1,2,1,7,20,4,16,LM (T),,20%
96A,9/24/2021,0.0625,1,2,1,8,14,1,13,LM (T),,7%
96A,9/24/2021,0.03125,1,2,1,9,16,2,14,LM (T),,12%
96A,9/24/2021,0.015625,1,2,1,10,10,2,8,LM (T),,20%
VC,9/24/2021,0,1,2,1,12,24,0,24,LM (T),,0%
96D,9/24/2021,8,1,2,2,1,14,14,0,LM (T),,100%
96D,9/24/2021,4,1,2,2,2,12,12,0,LM (T),,100%
96D,9/24/2021,2,1,2,2,3,9,9,0,LM (T),,100%
96D,9/24/2021,1,1,2,2,4,19,19,0,LM (T),,100%
96D,9/24/2021,0.5,1,2,2,5,12,10,2,LM (T),,83%
96D,9/24/2021,0.25,1,2,2,6,9,6,3,LM (T),,67%
96D,9/24/2021,0.125,1,2,2,7,11,3,8,LM (T),,27%
96D,9/24/2021,0.0625,1,2,2,8,11,3,8,LM (T),,27%
96D,9/24/2021,0.03125,1,2,2,9,11,0,11,LM (T),,0%
96D,9/24/2021,0.015625,1,2,2,10,26,4,22,LM (T),High worm count. ,15%
VC,9/24/2021,0,1,2,2,12,20,1,19,LM (T),,5%
96G,9/24/2021,4,1,2,3,1,12,12,0,LM (T),,100%
96G,9/24/2021,2,1,2,3,2,10,10,0,LM (T),,100%
96G,9/24/2021,1,1,2,3,3,10,10,0,LM (T),,100%
96G,9/24/2021,0.5,1,2,3,4,16,8,8,LM (T),,50%
96G,9/24/2021,0.25,1,2,3,5,15,4,11,LM (T),,27%
96G,9/24/2021,0.125,1,2,3,6,23,6,17,LM (T),,26%
96G,9/24/2021,0.0625,1,2,3,7,13,0,13,LM (T),,0%
96G,9/24/2021,0.03125,1,2,3,8,18,0,18,LM (T),,0%
96G,9/24/2021,0.015625,1,2,3,9,14,0,14,LM (T),,0%
96G,9/24/2021,0.0078125,1,2,3,10,15,2,13,LM (T),,13%
VC,9/24/2021,0,1,2,3,12,16,2,14,LM (T),,12%
96K,9/24/2021,8,1,2,4,1,15,15,0,LM (T),,100%
96K,9/24/2021,4,1,2,4,2,19,16,3,LM (T),,84%
96K,9/24/2021,2,1,2,4,3,13,10,3,LM (T),,77%
96K,9/24/2021,1,1,2,4,4,14,4,10,LM (T),,29%
96K,9/24/2021,0.5,1,2,4,5,8,0,8,LM (T),,0%
96K,9/24/2021,0.25,1,2,4,6,16,1,15,LM (T),,6%
96K,9/24/2021,0.125,1,2,4,7,11,1,10,LM (T),,9%
96K,9/24/2021,0.0625,1,2,4,8,11,0,11,LM (T),,0%
96K,9/24/2021,0.03125,1,2,4,9,8,0,8,LM (T),,0%
96K,9/24/2021,0.015625,1,2,4,10,21,2,19,LM (T),,10%
VC,9/24/2021,0,1,2,4,12,21,2,19,LM (T),,10%
96N,9/24/2021,4,1,2,5,1,12,10,2,LM (T),,83%
96N,9/24/2021,2,1,2,5,2,16,13,3,LM (T),,81%
96N,9/24/2021,1,1,2,5,3,11,10,1,LM (T),,91%
96N,9/24/2021,0.5,1,2,5,4,19,17,2,LM (T),,89%
96N,9/24/2021,0.25,1,2,5,5,8,7,1,LM (T),,87%
96N,9/24/2021,0.125,1,2,5,6,15,13,2,LM (T),,87%
96N,9/24/2021,0.0625,1,2,5,7,9,5,4,LM (T),,56%
96N,9/24/2021,0.03125,1,2,5,8,15,2,13,LM (T),,13%
96N,9/24/2021,0.015625,1,2,5,9,11,2,9,LM (T),,18%
96N,9/24/2021,0.0078125,1,2,5,10,26,3,23,LM (T),High worm count. ,12%
VC,9/24/2021,0,1,2,5,12,20,2,18,LM (T),,10%
96R,9/24/2021,4,1,2,6,1,18,16,2,LM (T),,89%
96R,9/24/2021,2,1,2,6,2,18,11,7,LM (T),,61%
96R,9/24/2021,1,1,2,6,3,18,5,13,LM (T),,28%
96R,9/24/2021,0.5,1,2,6,4,8,2,6,LM (T),,25%
96R,9/24/2021,0.25,1,2,6,5,13,3,10,LM (T),,23%
96R,9/24/2021,0.125,1,2,6,6,15,2,13,LM (T),,13%
96R,9/24/2021,0.0625,1,2,6,7,12,0,12,LM (T),,0%
96R,9/24/2021,0.03125,1,2,6,8,13,0,13,LM (T),,0%
96R,9/24/2021,0.015625,1,2,6,9,8,0,8,LM (T),,0%
96R,9/24/2021,0.0078125,1,2,6,10,11,0,11,LM (T),,0%
VC,9/24/2021,0,1,2,6,12,15,1,14,LM (T),,7%
96U,9/24/2021,8,1,2,7,1,14,14,0,LM (T),,100%
96U,9/24/2021,4,1,2,7,2,17,16,1,LM (T),,94%
96U,9/24/2021,2,1,2,7,3,7,6,1,LM (T),,86%
96U,9/24/2021,1,1,2,7,4,11,7,4,LM (T),,64%
96U,9/24/2021,0.5,1,2,7,5,15,6,9,LM (T),,40%
96U,9/24/2021,0.25,1,2,7,6,11,2,9,LM (T),,18%
96U,9/24/2021,0.125,1,2,7,7,12,1,11,LM (T),,8%
96U,9/24/2021,0.0625,1,2,7,8,7,1,6,LM (T),,14%
96U,9/24/2021,0.03125,1,2,7,9,10,1,9,LM (T),,10%
96U,9/24/2021,0.015625,1,2,7,10,19,1,18,LM (T),,5%
VC,9/24/2021,0,1,2,7,12,48,5,43,LM (T),High worm count. ,10%
96X,9/24/2021,64,1,2,8,1,9,4,5,LM (T),,44%
96X,9/24/2021,32,1,2,8,2,16,5,11,LM (T),,31%
96X,9/24/2021,16,1,2,8,3,8,2,6,LM (T),,25%
96X,9/24/2021,8,1,2,8,4,14,3,11,LM (T),,21%
96X,9/24/2021,4,1,2,8,5,10,0,10,LM (T),,0%
96X,9/24/2021,2,1,2,8,6,13,2,11,LM (T),,15%
96X,9/24/2021,1,1,2,8,7,12,3,9,LM (T),,25%
96X,9/24/2021,0.5,1,2,8,8,19,2,17,LM (T),,11%
96X,9/24/2021,0.25,1,2,8,9,13,0,13,LM (T),,0%
96X,9/24/2021,0.125,1,2,8,10,21,3,18,LM (T),,14%
VC,9/24/2021,0,1,2,8,12,25,5,20,LM (T),,20%
96B,9/24/2021,16,1,3,1,1,11,11,0,LM (T),,100%
96B,9/24/2021,8,1,3,1,2,16,14,2,LM (T),,87%
96B,9/24/2021,4,1,3,1,3,12,7,5,LM (T),,58%
96B,9/24/2021,2,1,3,1,4,18,18,0,LM (T),,100%
96B,9/24/2021,1,1,3,1,5,12,12,0,LM (T),,100%
96B,9/24/2021,0.5,1,3,1,6,13,12,1,LM (T),,92%
96B,9/24/2021,0.25,1,3,1,7,13,13,0,LM (T),,100%
96B,9/24/2021,0.125,1,3,1,8,10,9,1,LM (T),,90%
96B,9/24/2021,0.0625,1,3,1,9,12,10,2,LM (T),,83%
96B,9/24/2021,0.03125,1,3,1,10,12,4,8,LM (T),,33%
VC,9/24/2021,0,1,3,1,12,17,7,10,LM (T),High control mortality. ,41%
96E,9/24/2021,8,1,3,2,1,16,16,0,LM (T),,100%
96E,9/24/2021,4,1,3,2,2,8,8,0,LM (T),,100%
96E,9/24/2021,2,1,3,2,3,13,13,0,LM (T),,100%
96E,9/24/2021,1,1,3,2,4,6,6,0,LM (T),,100%
96E,9/24/2021,0.5,1,3,2,5,10,10,0,LM (T),,100%
96E,9/24/2021,0.25,1,3,2,6,11,9,2,LM (T),,82%
96E,9/24/2021,0.125,1,3,2,7,12,2,10,LM (T),,17%
96E,9/24/2021,0.0625,1,3,2,8,9,0,9,LM (T),,0%
96E,9/24/2021,0.03125,1,3,2,9,15,2,13,LM (T),,13%
96E,9/24/2021,0.015625,1,3,2,10,16,2,14,LM (T),,12%
VC,9/24/2021,0,1,3,2,12,32,4,28,LM (T),High worm count. ,12%
96H,9/24/2021,16,1,3,3,1,15,2,13,LM (T),,13%
96H,9/24/2021,8,1,3,3,2,10,3,7,LM (T),,30%
96H,9/24/2021,4,1,3,3,3,19,2,17,LM (T),,11%
96H,9/24/2021,2,1,3,3,4,12,0,12,LM (T),,0%
96H,9/24/2021,1,1,3,3,5,10,1,9,LM (T),,10%
96H,9/24/2021,0.5,1,3,3,6,10,1,9,LM (T),,10%
96H,9/24/2021,0.25,1,3,3,7,12,1,11,LM (T),,8%
96H,9/24/2021,0.125,1,3,3,8,10,0,10,LM (T),,0%
96H,9/24/2021,0.0625,1,3,3,9,13,5,8,LM (T),,38%
96H,9/24/2021,0.03125,1,3,3,10,8,0,8,LM (T),,0%
VC,9/24/2021,0,1,3,3,12,22,1,21,LM (T),,5%
96L,9/24/2021,8,1,3,4,1,11,11,0,LM (T),,100%
96L,9/24/2021,4,1,3,4,2,12,11,1,LM (T),,92%
96L,9/24/2021,2,1,3,4,3,15,13,2,LM (T),,87%
96L,9/24/2021,1,1,3,4,4,9,6,3,LM (T),,67%
96L,9/24/2021,0.5,1,3,4,5,10,1,9,LM (T),,10%
96L,9/24/2021,0.25,1,3,4,6,14,4,10,LM (T),,29%
96L,9/24/2021,0.125,1,3,4,7,14,2,12,LM (T),,14%
96L,9/24/2021,0.0625,1,3,4,8,18,2,16,LM (T),,11%
96L,9/24/2021,0.03125,1,3,4,9,14,0,14,LM (T),,0%
96L,9/24/2021,0.015625,1,3,4,10,13,0,13,LM (T),,0%
VC,9/24/2021,0,1,3,4,12,25,2,23,LM (T),,8%
96P,9/24/2021,8,1,3,5,1,13,6,7,LM (T),,46%
96P,9/24/2021,4,1,3,5,2,18,1,17,LM (T),,6%
96P,9/24/2021,2,1,3,5,3,10,1,9,LM (T),,10%
96P,9/24/2021,1,1,3,5,4,7,0,7,LM (T),,0%
96P,9/24/2021,0.5,1,3,5,5,13,0,13,LM (T),,0%
96P,9/24/2021,0.25,1,3,5,6,15,3,12,LM (T),,20%
96P,9/24/2021,0.125,1,3,5,7,10,0,10,LM (T),,0%
96P,9/24/2021,0.0625,1,3,5,8,11,1,10,LM (T),,9%
96P,9/24/2021,0.03125,1,3,5,9,9,1,8,LM (T),,11%
96P,9/24/2021,0.015625,1,3,5,10,12,0,12,LM (T),,0%
VC,9/24/2021,0,1,3,5,12,17,4,13,LM (T),,24%
96S,9/24/2021,8,1,3,6,1,12,12,0,LM (T),,100%
96S,9/24/2021,4,1,3,6,2,9,8,1,LM (T),,89%
96S,9/24/2021,2,1,3,6,3,8,8,0,LM (T),,100%
96S,9/24/2021,1,1,3,6,4,12,12,0,LM (T),,100%
96S,9/24/2021,0.5,1,3,6,5,12,7,5,LM (T),,58%
96S,9/24/2021,0.25,1,3,6,6,10,5,5,LM (T),,50%
96S,9/24/2021,0.125,1,3,6,7,11,2,9,LM (T),,18%
96S,9/24/2021,0.0625,1,3,6,8,14,0,14,LM (T),,0%
96S,9/24/2021,0.03125,1,3,6,9,23,0,23,LM (T),,0%
96S,9/24/2021,0.015625,1,3,6,10,9,1,8,LM (T),,11%
VC,9/24/2021,0,1,3,6,12,22,2,20,LM (T),,9%
96V,9/24/2021,8,1,3,7,1,20,4,16,LM (T),,20%
96V,9/24/2021,4,1,3,7,2,7,0,7,LM (T),,0%
96V,9/24/2021,2,1,3,7,3,15,2,13,LM (T),,13%
96V,9/24/2021,1,1,3,7,4,12,1,11,LM (T),,8%
96V,9/24/2021,0.5,1,3,7,5,10,1,9,LM (T),,10%
96V,9/24/2021,0.25,1,3,7,6,16,1,15,LM (T),,6%
96V,9/24/2021,0.125,1,3,7,7,11,1,10,LM (T),,9%
96V,9/24/2021,0.0625,1,3,7,8,9,1,8,LM (T),,11%
96V,9/24/2021,0.03125,1,3,7,9,15,0,15,LM (T),,0%
96V,9/24/2021,0.015625,1,3,7,10,8,0,8,LM (T),,0%
VC,9/24/2021,0,1,3,7,12,18,1,17,LM (T),,6%
96Y,9/24/2021,32,1,3,8,1,8,8,0,LM (T),,100%
96Y,9/24/2021,16,1,3,8,2,11,10,1,LM (T),,91%
96Y,9/24/2021,8,1,3,8,3,15,7,8,LM (T),,47%
96Y,9/24/2021,4,1,3,8,4,9,1,8,LM (T),,11%
96Y,9/24/2021,2,1,3,8,5,14,1,13,LM (T),,7%
96Y,9/24/2021,1,1,3,8,6,15,1,14,LM (T),,7%
96Y,9/24/2021,0.5,1,3,8,7,11,0,11,LM (T),,0%
96Y,9/24/2021,0.25,1,3,8,8,13,1,12,LM (T),,8%
96Y,9/24/2021,0.125,1,3,8,9,17,2,15,LM (T),,12%
96Y,9/24/2021,0.0625,1,3,8,10,10,1,9,LM (T),,10%
VC,9/24/2021,0,1,3,8,12,16,0,16,LM (T),,0%
96A,9/24/2021,8,1,4,1,1,6,6,0,LM (T),,100%
96A,9/24/2021,4,1,4,1,2,13,12,1,LM (T),,92%
96A,9/24/2021,2,1,4,1,3,5,5,0,LM (T),,100%
96A,9/24/2021,1,1,4,1,4,8,8,0,LM (T),,100%
96A,9/24/2021,0.5,1,4,1,5,11,7,4,LM (T),,64%
96A,9/24/2021,0.25,1,4,1,6,7,2,5,LM (T),,29%
96A,9/24/2021,0.125,1,4,1,7,10,1,9,LM (T),,10%
96A,9/24/2021,0.0625,1,4,1,8,17,2,15,LM (T),,12%
96A,9/24/2021,0.03125,1,4,1,9,10,1,9,LM (T),,10%
96A,9/24/2021,0.015625,1,4,1,10,16,0,16,LM (T),,0%
VC,9/24/2021,0,1,4,1,12,11,1,10,LM (T),,9%
96D,9/24/2021,8,1,4,2,1,6,6,0,LM (T),,100%
96D,9/24/2021,4,1,4,2,2,10,8,2,LM (T),,80%
96D,9/24/2021,2,1,4,2,3,10,9,1,LM (T),,90%
96D,9/24/2021,1,1,4,2,4,8,8,0,LM (T),,100%
96D,9/24/2021,0.5,1,4,2,5,11,10,1,LM (T),,91%
96D,9/24/2021,0.25,1,4,2,6,8,4,4,LM (T),,50%
96D,9/24/2021,0.125,1,4,2,7,9,2,7,LM (T),,22%
96D,9/24/2021,0.0625,1,4,2,8,14,1,13,LM (T),,7%
96D,9/24/2021,0.03125,1,4,2,9,15,2,13,LM (T),,13%
96D,9/24/2021,0.015625,1,4,2,10,14,3,11,LM (T),,21%
VC,9/24/2021,0,1,4,2,12,12,1,11,LM (T),,8%
96G,9/24/2021,4,1,4,3,1,9,9,0,LM (T),5 artifacts,100%
96G,9/24/2021,2,1,4,3,2,9,9,0,LM (T),,100%
96G,9/24/2021,1,1,4,3,3,7,6,1,LM (T),,86%
96G,9/24/2021,0.5,1,4,3,4,8,4,4,LM (T),,50%
96G,9/24/2021,0.25,1,4,3,5,13,2,11,LM (T),,15%
96G,9/24/2021,0.125,1,4,3,6,8,1,7,LM (T),,12%
96G,9/24/2021,0.0625,1,4,3,7,9,2,7,LM (T),,22%
96G,9/24/2021,0.03125,1,4,3,8,13,3,10,LM (T),,23%
96G,9/24/2021,0.015625,1,4,3,9,10,1,9,LM (T),,10%
96G,9/24/2021,0.0078125,1,4,3,10,14,0,14,LM (T),,0%
VC,9/24/2021,0,1,4,3,12,21,3,18,LM (T),,14%
96K,9/24/2021,8,1,4,4,1,16,16,0,LM (T),,100%
96K,9/24/2021,4,1,4,4,2,10,10,0,LM (T),,100%
96K,9/24/2021,2,1,4,4,3,8,6,2,LM (T),,75%
96K,9/24/2021,1,1,4,4,4,6,2,4,LM (T),,33%
96K,9/24/2021,0.5,1,4,4,5,7,2,5,LM (T),,29%
96K,9/24/2021,0.25,1,4,4,6,9,2,7,LM (T),,22%
96K,9/24/2021,0.125,1,4,4,7,11,0,11,LM (T),,0%
96K,9/24/2021,0.0625,1,4,4,8,16,4,12,LM (T),,25%
96K,9/24/2021,0.03125,1,4,4,9,9,0,9,LM (T),,0%
96K,9/24/2021,0.015625,1,4,4,10,8,0,8,LM (T),,0%
VC,9/24/2021,0,1,4,4,12,21,2,19,LM (T),,10%
96N,9/24/2021,4,1,4,5,1,9,8,1,LM (T),,89%
96N,9/24/2021,2,1,4,5,2,10,5,5,LM (T),,50%
96N,9/24/2021,1,1,4,5,3,10,10,0,LM (T),,100%
96N,9/24/2021,0.5,1,4,5,4,9,9,0,LM (T),,100%
96N,9/24/2021,0.25,1,4,5,5,9,7,2,LM (T),,78%
96N,9/24/2021,0.125,1,4,5,6,8,8,0,LM (T),,100%
96N,9/24/2021,0.0625,1,4,5,7,10,7,3,LM (T),,70%
96N,9/24/2021,0.03125,1,4,5,8,8,5,3,LM (T),,62%
96N,9/24/2021,0.015625,1,4,5,9,9,4,5,LM (T),,44%
96N,9/24/2021,0.0078125,1,4,5,10,11,1,10,LM (T),,9%
VC,9/24/2021,0,1,4,5,12,11,2,9,LM (T),,18%
96R,9/24/2021,4,1,4,6,1,13,10,3,LM (T),,77%
96R,9/24/2021,2,1,4,6,2,12,8,4,LM (T),,67%
96R,9/24/2021,1,1,4,6,3,9,2,7,LM (T),,22%
96R,9/24/2021,0.5,1,4,6,4,10,3,7,LM (T),,30%
96R,9/24/2021,0.25,1,4,6,5,17,7,10,LM (T),,41%
96R,9/24/2021,0.125,1,4,6,6,18,3,15,LM (T),,17%
96R,9/24/2021,0.0625,1,4,6,7,19,1,18,LM (T),,5%
96R,9/24/2021,0.03125,1,4,6,8,13,0,13,LM (T),,0%
96R,9/24/2021,0.015625,1,4,6,9,11,0,11,LM (T),,0%
96R,9/24/2021,0.0078125,1,4,6,10,12,2,10,LM (T),,17%
VC,9/24/2021,0,1,4,6,12,18,2,16,LM (T),,11%
96U,9/24/2021,8,1,4,7,1,7,7,0,LM (T),,100%
96U,9/24/2021,4,1,4,7,2,13,11,2,LM (T),,85%
96U,9/24/2021,2,1,4,7,3,6,5,1,LM (T),,83%
96U,9/24/2021,1,1,4,7,4,11,8,3,LM (T),,73%
96U,9/24/2021,0.5,1,4,7,5,11,5,6,LM (T),,45%
96U,9/24/2021,0.25,1,4,7,6,18,4,14,LM (T),,22%
96U,9/24/2021,0.125,1,4,7,7,12,1,11,LM (T),,8%
96U,9/24/2021,0.0625,1,4,7,8,17,1,16,LM (T),,6%
96U,9/24/2021,0.03125,1,4,7,9,13,3,10,LM (T),,23%
96U,9/24/2021,0.015625,1,4,7,10,8,1,7,LM (T),,12%
VC,9/24/2021,0,1,4,7,12,13,0,13,LM (T),,0%
96X,9/24/2021,64,1,4,8,1,12,8,4,LM (T),,67%
96X,9/24/2021,32,1,4,8,2,13,1,12,LM (T),,8%
96X,9/24/2021,16,1,4,8,3,7,2,5,LM (T),,29%
96X,9/24/2021,8,1,4,8,4,11,3,8,LM (T),,27%
96X,9/24/2021,4,1,4,8,5,12,0,12,LM (T),,0%
96X,9/24/2021,2,1,4,8,6,13,0,13,LM (T),,0%
96X,9/24/2021,1,1,4,8,7,15,3,12,LM (T),,20%
96X,9/24/2021,0.5,1,4,8,8,13,1,12,LM (T),,8%
96X,9/24/2021,0.25,1,4,8,9,10,0,10,LM (T),,0%
96X,9/24/2021,0.125,1,4,8,10,13,1,12,LM (T),,8%
VC,9/24/2021,0,1,4,8,12,16,0,16,LM (T),,0%
96B,9/29/2021,16,1,1,1,1,1,1,0,LM (T),Low worm count. ,100%
96B,9/29/2021,8,1,1,1,2,6,6,0,LM (T),,100%
96B,9/29/2021,4,1,1,1,3,8,8,0,LM (T),,100%
96B,9/29/2021,2,1,1,1,4,7,7,0,LM (T),,100%
96B,9/29/2021,1,1,1,1,5,8,8,0,LM (T),,100%
96B,9/29/2021,0.5,1,1,1,6,5,5,0,LM (T),,100%
96B,9/29/2021,0.25,1,1,1,7,6,6,0,LM (T),,100%
96B,9/29/2021,0.125,1,1,1,8,5,5,0,LM (T),,100%
96B,9/29/2021,0.0625,1,1,1,9,9,6,3,LM (T),,67%
96B,9/29/2021,0.03125,1,1,1,10,6,2,4,LM (T),,33%
VC,9/29/2021,0,1,1,1,12,7,0,7,LM (T),,0%
96E,9/29/2021,8,1,1,2,1,5,5,0,LM (T),,100%
96E,9/29/2021,4,1,1,2,2,4,4,0,LM (T),Low worm count. ,100%
96E,9/29/2021,2,1,1,2,3,2,2,0,LM (T),Low worm count. ,100%
96E,9/29/2021,1,1,1,2,4,5,5,0,LM (T),1 egg; 6 artifacts,100%
96E,9/29/2021,0.5,1,1,2,5,11,11,0,LM (T),,100%
96E,9/29/2021,0.25,1,1,2,6,8,7,1,LM (T),,87%
96E,9/29/2021,0.125,1,1,2,7,10,1,9,LM (T),,10%
96E,9/29/2021,0.0625,1,1,2,8,6,0,6,LM (T),,0%
96E,9/29/2021,0.03125,1,1,2,9,7,0,7,LM (T),,0%
96E,9/29/2021,0.015625,1,1,2,10,7,0,7,LM (T),,0%
VC,9/29/2021,0,1,1,2,12,19,0,19,LM (T),,0%
96H,9/29/2021,16,1,1,3,1,7,1,6,LM (T),,14%
96H,9/29/2021,8,1,1,3,2,8,0,8,LM (T),,0%
96H,9/29/2021,4,1,1,3,3,8,1,7,LM (T),,12%
96H,9/29/2021,2,1,1,3,4,12,0,12,LM (T),,0%
96H,9/29/2021,1,1,1,3,5,11,0,11,LM (T),,0%
96H,9/29/2021,0.5,1,1,3,6,6,0,6,LM (T),,0%
96H,9/29/2021,0.25,1,1,3,7,10,2,8,LM (T),,20%
96H,9/29/2021,0.125,1,1,3,8,9,1,8,LM (T),,11%
96H,9/29/2021,0.0625,1,1,3,9,6,3,3,LM (T),,50%
96H,9/29/2021,0.03125,1,1,3,10,8,1,7,LM (T),,12%
VC,9/29/2021,0,1,1,3,12,10,0,10,LM (T),,0%
96L,9/29/2021,8,1,1,4,1,8,7,1,LM (T),,87%
96L,9/29/2021,4,1,1,4,2,7,4,3,LM (T),,57%
96L,9/29/2021,2,1,1,4,3,9,6,3,LM (T),,67%
96L,9/29/2021,1,1,1,4,4,9,2,7,LM (T),,22%
96L,9/29/2021,0.5,1,1,4,5,9,1,8,LM (T),,11%
96L,9/29/2021,0.25,1,1,4,6,8,2,6,LM (T),,25%
96L,9/29/2021,0.125,1,1,4,7,11,1,10,LM (T),,9%
96L,9/29/2021,0.0625,1,1,4,8,6,0,6,LM (T),,0%
96L,9/29/2021,0.03125,1,1,4,9,10,1,9,LM (T),,10%
96L,9/29/2021,0.015625,1,1,4,10,7,1,6,LM (T),,14%
VC,9/29/2021,0,1,1,4,12,8,0,8,LM (T),,0%
95P,9/29/2021,81,1,1,5,1,8,6,2,LM (T),,75%
95P,9/29/2021,40.5,1,1,5,2,4,1,3,LM (T),Low worm count. ,25%
95P,9/29/2021,20.25,1,1,5,3,7,3,4,LM (T),,43%
95P,9/29/2021,10.125,1,1,5,4,5,0,5,LM (T),,0%
95P,9/29/2021,5.0625,1,1,5,5,8,1,7,LM (T),,12%
95P,9/29/2021,2.53125,1,1,5,6,11,0,11,LM (T),,0%
95P,9/29/2021,1.265625,1,1,5,7,6,1,5,LM (T),,17%
95P,9/29/2021,0.6328125,1,1,5,8,8,0,8,LM (T),,0%
95P,9/29/2021,0.31640625,1,1,5,9,5,0,5,LM (T),,0%
95P,9/29/2021,0.158203125,1,1,5,10,6,0,6,LM (T),,0%
VC,9/29/2021,0,1,1,5,12,5,0,5,LM (T),,0%
96S,9/29/2021,8,1,1,6,1,6,6,0,LM (T),,100%
96S,9/29/2021,4,1,1,6,2,4,3,1,LM (T),Low worm count. ,75%
96S,9/29/2021,2,1,1,6,3,5,1,4,LM (T),,20%
96S,9/29/2021,1,1,1,6,4,8,4,4,LM (T),,50%
96S,9/29/2021,0.5,1,1,6,5,7,5,2,LM (T),,71%
96S,9/29/2021,0.25,1,1,6,6,10,3,7,LM (T),,30%
96S,9/29/2021,0.125,1,1,6,7,15,0,15,LM (T),,0%
96S,9/29/2021,0.0625,1,1,6,8,4,0,4,LM (T),Low worm count. ,0%
96S,9/29/2021,0.03125,1,1,6,9,12,1,11,LM (T),,8%
96S,9/29/2021,0.015625,1,1,6,10,7,2,5,LM (T),,29%
VC,9/29/2021,0,1,1,6,12,6,1,5,LM (T),,17%
96V,9/29/2021,8,1,1,7,1,10,1,9,LM (T),,10%
96V,9/29/2021,4,1,1,7,2,4,0,4,LM (T),Low worm count. ,0%
96V,9/29/2021,2,1,1,7,3,4,0,4,LM (T),Low worm count. ,0%
96V,9/29/2021,1,1,1,7,4,7,0,7,LM (T),,0%
96V,9/29/2021,0.5,1,1,7,5,7,0,7,LM (T),,0%
96V,9/29/2021,0.25,1,1,7,6,8,1,7,LM (T),,12%
96V,9/29/2021,0.125,1,1,7,7,5,0,5,LM (T),,0%
96V,9/29/2021,0.0625,1,1,7,8,9,1,8,LM (T),,11%
96V,9/29/2021,0.03125,1,1,7,9,8,0,8,LM (T),,0%
96V,9/29/2021,0.015625,1,1,7,10,9,1,8,LM (T),,11%
VC,9/29/2021,0,1,1,7,12,5,1,4,LM (T),,20%
96Y,9/29/2021,32,1,1,8,1,1,1,0,LM (T),Low worm count. ,100%
96Y,9/29/2021,16,1,1,8,2,6,6,0,LM (T),,100%
96Y,9/29/2021,8,1,1,8,3,5,2,3,LM (T),5 artifacts,40%
96Y,9/29/2021,4,1,1,8,4,7,0,7,LM (T),,0%
96Y,9/29/2021,2,1,1,8,5,8,0,8,LM (T),,0%
96Y,9/29/2021,1,1,1,8,6,6,1,5,LM (T),,17%
96Y,9/29/2021,0.5,1,1,8,7,9,3,6,LM (T),,33%
96Y,9/29/2021,0.25,1,1,8,8,9,0,9,LM (T),,0%
96Y,9/29/2021,0.125,1,1,8,9,10,1,9,LM (T),,10%
96Y,9/29/2021,0.0625,1,1,8,10,9,2,7,LM (T),,22%
VC,9/29/2021,0,1,1,8,12,7,2,5,LM (T),High control mortality. ,29%
96A,9/29/2021,8,1,2,1,1,5,4,1,LM (T),,80%
96A,9/29/2021,4,1,2,1,2,1,1,0,LM (T),Low worm count. ,100%
96A,9/29/2021,2,1,2,1,3,3,3,0,LM (T),Low worm count. ,100%
96A,9/29/2021,1,1,2,1,4,6,6,0,LM (T),,100%
96A,9/29/2021,0.5,1,2,1,5,3,1,2,LM (T),Low worm count. ,33%
96A,9/29/2021,0.25,1,2,1,6,6,0,6,LM (T),,0%
96A,9/29/2021,0.125,1,2,1,7,4,1,3,LM (T),Low worm count. ,25%
96A,9/29/2021,0.0625,1,2,1,8,3,0,3,LM (T),Low worm count. ,0%
96A,9/29/2021,0.03125,1,2,1,9,3,0,3,LM (T),Low worm count. ,0%
96A,9/29/2021,0.015625,1,2,1,10,9,1,8,LM (T),,11%
VC,9/29/2021,0,1,2,1,12,7,0,7,LM (T),,0%
96C,9/29/2021,16,1,2,2,1,5,5,0,LM (T),,100%
96C,9/29/2021,8,1,2,2,2,4,4,0,LM (T),Low worm count. ,100%
96C,9/29/2021,4,1,2,2,3,7,7,0,LM (T),,100%
96C,9/29/2021,2,1,2,2,4,4,4,0,LM (T),Low worm count. ,100%
96C,9/29/2021,1,1,2,2,5,5,2,3,LM (T),,40%
96C,9/29/2021,0.5,1,2,2,6,9,9,0,LM (T),,100%
96C,9/29/2021,0.25,1,2,2,7,6,5,1,LM (T),4 eggs; 7 artifacts,83%
96C,9/29/2021,0.125,1,2,2,8,5,5,0,LM (T),,100%
96C,9/29/2021,0.0625,1,2,2,9,8,8,0,LM (T),,100%
96C,9/29/2021,0.03125,1,2,2,10,5,0,5,LM (T),,0%
VC,9/29/2021,0,1,2,2,12,3,0,3,LM (T),Low worm count. ,0%
96F,9/29/2021,8,1,2,3,1,8,8,0,LM (T),,100%
96F,9/29/2021,4,1,2,3,2,3,3,0,LM (T),Low worm count. ,100%
96F,9/29/2021,2,1,2,3,3,7,7,0,LM (T),,100%
96F,9/29/2021,1,1,2,3,4,7,7,0,LM (T),,100%
96F,9/29/2021,0.5,1,2,3,5,4,4,0,LM (T),Low worm count. ,100%
96F,9/29/2021,0.25,1,2,3,6,4,2,2,LM (T),Low worm count. ,50%
96F,9/29/2021,0.125,1,2,3,7,5,1,4,LM (T),5 eggs; 12 artifacts,20%
96F,9/29/2021,0.0625,1,2,3,8,5,1,4,LM (T),1 egg; 7 artifacts,20%
96F,9/29/2021,0.03125,1,2,3,9,11,1,10,LM (T),2 eggs; 5 artifacts,9%
96F,9/29/2021,0.015625,1,2,3,10,7,0,7,LM (T),,0%
VC,9/29/2021,0,1,2,3,12,11,0,11,LM (T),,0%
96J,9/29/2021,8,1,2,4,1,4,4,0,LM (T),Low worm count. ,100%
96J,9/29/2021,4,1,2,4,2,6,6,0,LM (T),,100%
96J,9/29/2021,2,1,2,4,3,8,6,2,LM (T),,75%
96J,9/29/2021,1,1,2,4,4,4,4,0,LM (T),Low worm count. ,100%
96J,9/29/2021,0.5,1,2,4,5,6,3,3,LM (T),,50%
96J,9/29/2021,0.25,1,2,4,6,4,2,2,LM (T),Low worm count. ,50%
96J,9/29/2021,0.125,1,2,4,7,7,1,6,LM (T),,14%
96J,9/29/2021,0.0625,1,2,4,8,3,0,3,LM (T),Low worm count. ,0%
96J,9/29/2021,0.03125,1,2,4,9,4,0,4,LM (T),Low worm count. ,0%
96J,9/29/2021,0.015625,1,2,4,10,4,0,4,LM (T),Low worm count. ,0%
VC,9/29/2021,0,1,2,4,12,13,0,13,LM (T),,0%
96M,9/29/2021,8,1,2,5,1,6,2,4,LM (T),,33%
96M,9/29/2021,4,1,2,5,2,2,0,2,LM (T),Low worm count. ,0%
96M,9/29/2021,2,1,2,5,3,4,0,4,LM (T),Low worm count. ,0%
96M,9/29/2021,1,1,2,5,4,7,1,6,LM (T),,14%
96M,9/29/2021,0.5,1,2,5,5,6,1,5,LM (T),,17%
96M,9/29/2021,0.25,1,2,5,6,6,1,5,LM (T),,17%
96M,9/29/2021,0.125,1,2,5,7,6,2,4,LM (T),,33%
96M,9/29/2021,0.0625,1,2,5,8,7,0,7,LM (T),,0%
96M,9/29/2021,0.03125,1,2,5,9,7,2,5,LM (T),,29%
96M,9/29/2021,0.015625,1,2,5,10,9,0,9,LM (T),,0%
VC,9/29/2021,0,1,2,5,12,6,0,6,LM (T),,0%
96Q,9/29/2021,4,1,2,6,1,3,2,1,LM (T),Low worm count. ,67%
96Q,9/29/2021,2,1,2,6,2,2,1,1,LM (T),Low worm count. ,50%
96Q,9/29/2021,1,1,2,6,3,6,2,4,LM (T),,33%
96Q,9/29/2021,0.5,1,2,6,4,6,2,4,LM (T),,33%
96Q,9/29/2021,0.25,1,2,6,5,6,0,6,LM (T),,0%
96Q,9/29/2021,0.125,1,2,6,6,8,0,8,LM (T),,0%
96Q,9/29/2021,0.0625,1,2,6,7,7,0,7,LM (T),,0%
96Q,9/29/2021,0.03125,1,2,6,8,3,1,2,LM (T),Low worm count. ,33%
96Q,9/29/2021,0.015625,1,2,6,9,9,1,8,LM (T),,11%
96Q,9/29/2021,0.0078125,1,2,6,10,8,1,7,LM (T),,12%
VC,9/29/2021,0,1,2,6,12,8,0,8,LM (T),,0%
96T,9/29/2021,8,1,2,7,1,4,4,0,LM (T),Low worm count. ,100%
96T,9/29/2021,4,1,2,7,2,5,3,2,LM (T),,60%
96T,9/29/2021,2,1,2,7,3,6,4,2,LM (T),,67%
96T,9/29/2021,1,1,2,7,4,6,1,5,LM (T),,17%
96T,9/29/2021,0.5,1,2,7,5,4,0,4,LM (T),Low worm count. ,0%
96T,9/29/2021,0.25,1,2,7,6,7,1,6,LM (T),,14%
96T,9/29/2021,0.125,1,2,7,7,7,1,6,LM (T),,14%
96T,9/29/2021,0.0625,1,2,7,8,6,0,6,LM (T),,0%
96T,9/29/2021,0.03125,1,2,7,9,9,0,9,LM (T),,0%
96T,9/29/2021,0.015625,1,2,7,10,10,1,9,LM (T),,10%
VC,9/29/2021,0,1,2,7,12,1,0,1,LM (T),Low worm count. ,0%
96W,9/29/2021,4,1,2,8,1,5,4,1,LM (T),,80%
96W,9/29/2021,2,1,2,8,2,2,2,0,LM (T),Low worm count. ,100%
96W,9/29/2021,1,1,2,8,3,3,0,3,LM (T),Low worm count. ,0%
96W,9/29/2021,0.5,1,2,8,4,5,1,4,LM (T),,20%
96W,9/29/2021,0.25,1,2,8,5,9,1,8,LM (T),,11%
96W,9/29/2021,0.125,1,2,8,6,9,0,9,LM (T),,0%
96W,9/29/2021,0.0625,1,2,8,7,1,0,1,LM (T),Low worm count. ,0%
96W,9/29/2021,0.03125,1,2,8,8,9,0,9,LM (T),,0%
96W,9/29/2021,0.015625,1,2,8,9,14,0,14,LM (T),,0%
96W,9/29/2021,0.0078125,1,2,8,10,8,1,7,LM (T),,12%
VC,9/29/2021,0,1,2,8,12,4,0,4,LM (T),Low worm count. ,0%
